path;sentence
common_voice_quy_41903591.wav;Akchiyqa kay puykunamantam paqarimun.
common_voice_quy_41903592.wav;Utqayllam wiñanku, sisarinku, hinaspa pawayta qallarinku.
common_voice_quy_41903593.wav;Maynintam chayayman, puquio llaqtallayman.
common_voice_quy_41903594.wav;Manaña sachakuna kaptin, pachaqa chinkariyta qallarin.
common_voice_quy_41903595.wav;Kaykunam hukniraq kallpasapa yurakuna.
common_voice_quy_41904417.wav;Suqta harawikunata paqarichirqa.
common_voice_quy_41904418.wav;Chay killapim Ayamarpa rayminta ruwarqaku, ayakunata marqaspanku.
common_voice_quy_41904419.wav;Chileqa huk hatun llaqta qulla suyumantam.
common_voice_quy_41904420.wav;Yuyariwaptikim.
common_voice_quy_41904421.wav;Kayta akllasqa mana qhawasqa tropical unqusqa kaqhina kan.
common_voice_quy_41905178.wav;Kallmapa rurunmi kallmapa rikuqmi mirachinapaq.
common_voice_quy_41905180.wav;Chaynata kuyawaptikiqa.
common_voice_quy_41905181.wav;Qamllamari taytallayta.
common_voice_quy_41905182.wav;Pachacha churallawasqa.
common_voice_quy_42019314.wav;Provincia de Manu nisqanpim, tawa distritukunam kan.
common_voice_quy_42019315.wav;Manaraq huk watayuq wawakunataqa, pallpa ninchikmi.
common_voice_quy_42019316.wav;Wasiki punkupi kuti kuti lambras.
common_voice_quy_42019317.wav;Pitaq maytaq aysarillasunki.
common_voice_quy_42019318.wav;Latin simiqa romanukunapa rimayninmi karqa.
common_voice_quy_42019357.wav;Qaway qawachkanki.
common_voice_quy_42019359.wav;Maynintam chayayman, limacha llaqtaman.
common_voice_quy_42019360.wav;Wasi rurayqa, ancha sumaq llamkaymi.
common_voice_quy_42019361.wav;Achka yachayspanta ruwaspa.
common_voice_quy_42019362.wav;Pitaq maytaq sinchimusunki.
common_voice_quy_42033946.wav;Kay pawaq uywakunam raprayuq kanku.
common_voice_quy_42033947.wav;Rabiaypim upiani.
common_voice_quy_42033948.wav;Esquina muyurinapim tiendaypas.
common_voice_quy_42033949.wav;Kay muhukunaqa miski kiskim proteína nisqapi.
common_voice_quy_42033950.wav;Wirayakullachkan.
common_voice_quy_42033973.wav;Ima kawsasqankumanta, chaynatam rakinchik.
common_voice_quy_42033974.wav;Sunquqa yawartam sirkakunamanta tanqan.
common_voice_quy_42033976.wav;Sonqo suwa.
common_voice_quy_42033977.wav;"Parkipiqa hatun zona de ""protección estricta"" siqa kanmi."
common_voice_quy_42033993.wav;Kunan pachapiqa, aswan rimayqa castellano simim.
common_voice_quy_42033994.wav;Rinriqa umapim, kaypim uyarikuyta paqarichin.
common_voice_quy_42033995.wav;Ripukunayñam kachkarqa.
common_voice_quy_42033996.wav;Imapas wayrawan musyaptin hinaspa akakipakuptin, wayrapim tikrakun.
common_voice_quy_42033997.wav;Qamkunata rimachikichik.
common_voice_quy_42076378.wav;Chiki tuku qachwallachkam.
common_voice_quy_42076379.wav;Biblia maytuqa hatun pachamanta achka qillqakunaman tikrachisqam.
common_voice_quy_42076380.wav;Qallaykamusunchik kay willakuykunawan.
common_voice_quy_42076381.wav;pachakunapa tarpuykunam runapa makinpim yurakuna hinallataq uywakunapas.
common_voice_quy_42076382.wav;Harawi simiqa Tawantinsuyu pachapim paqarin.
common_voice_quy_42076388.wav;Sachapa qaranmi llantasapa, raku raku ñataq hatunkaray.
common_voice_quy_42076389.wav;Soltero vidaschaypi.
common_voice_quy_42076390.wav;Sunqu suwa.
common_voice_quy_42076391.wav;Ñoqallay kutimunallayta.
common_voice_quy_42076392.wav;Maná reqsisqay runap wasinman.
common_voice_quy_42076423.wav;Mamallaypa, taytallaypa.
common_voice_quy_42076424.wav;Tayta mamaysi llakipuwachkan.
common_voice_quy_42076425.wav;Manasya tarimunichu sumaq llaqtanchik hinata.
common_voice_quy_42076426.wav;Kaymi tukuy rikuq yurakuna, kuchunapaq ñataq hukllawanapaq.
common_voice_quy_42076427.wav;Retama plantas qay.
common_voice_quy_42076433.wav;Uraypim, chawpi punchawpi inti kachkan.
common_voice_quy_42076434.wav;Hatu hatu llaki.
common_voice_quy_42076435.wav;Qamwanmi kayta munani.
common_voice_quy_42076436.wav;Mamallay wachallawarqa, Taytallay churiallawarqa
common_voice_quy_42076437.wav;Qorichawan qollqechawan, sumaq kaskillasqa.
common_voice_quy_42076448.wav;Yakuqa mana chuyam kananchu.
common_voice_quy_42076449.wav;Hawanqa maypipas chawpinmanta kaqlla karum kachkan.
common_voice_quy_42076450.wav;Ayamarka nisqaqa, ayakunata ñataq runa wañusqakunatapas pampachanapaq llaqtam.
common_voice_quy_42076451.wav;Inkakunapa yupaychasqam yura karqa.
common_voice_quy_42076452.wav;Kaykunam hukniraq calendario nisqakuna.
common_voice_quy_42076463.wav;Kay pisqum kuyasqa warmipa qillqa takipi rikurin.
common_voice_quy_42076464.wav;Cumadrichaywan, cumadrichaywan.
common_voice_quy_42076465.wav;Achka qullqita Atawallpa apachimuchkaptin, chay awqakunaqa paqumarura.
common_voice_quy_42076466.wav;wawakuna yachamuyta qallarinankupaqmi yachay wasi.
common_voice_quy_42076468.wav;Rurupa iskay rapinkunam huñunakunku, hinaspañataq hawapi tiyanku.
common_voice_quy_42076478.wav;Kay pisqukunam hatun puka quchapim kawsanku.
common_voice_quy_42076479.wav;Kaypim hukniraq kawsakunamanta qillqakuna kan.
common_voice_quy_42076480.wav;Achka proteína nisqayuqmi, allin punim mikunanchukpaq.
common_voice_quy_42076481.wav;Pachachan rantipuwasqa.
common_voice_quy_42076482.wav;Puquiomantapas toqyariq hina.
common_voice_quy_42076488.wav;Askatayá pusamunkichis.
common_voice_quy_42076489.wav;Hatun llaqtapiqa iskay simikunatam rimanku.
common_voice_quy_42076490.wav;Tawantinsuyu pachapiqa Inkakuna ama sacha kuchuypi pacham karqa.
common_voice_quy_42076491.wav;Ancha rimaysapam, iskay pachak hunumanta aswan rimaqkunawan.
common_voice_quy_42076552.wav;Kay maytuqa ancha pantasqasapam kachkan.
common_voice_quy_42076553.wav;Qispi kayqa runakunapa hayñinmi.
common_voice_quy_42076554.wav;Iskaynin churikunam qullqisapakunayarunku.
common_voice_quy_42076555.wav;Kaymi huk hampiq yura.
common_voice_quy_42076556.wav;Chaskachaw nisqaqa, pichqa ñiqin punchawmi qanchischawpi, chaskarayku sutichasqa.
common_voice_quy_42076557.wav;Miskita llakiykamuy.
common_voice_quy_42076558.wav;Chay kaspimanta wasiqa torowan chaqrusqa kallmakunamanta ruwasqa kaspikunawanmi ruwasqa kachkan.
common_voice_quy_42076559.wav;Kaykunam huknin quechua simipi sufijukuna.
common_voice_quy_42076560.wav;Kunan pachapiqa manañam sacha-sachañachu, lliwallañam.
common_voice_quy_42076561.wav;Wasi tiyasqay iskinapim.
common_voice_quy_42076562.wav;Mamallaykita reqsiykachiway.
common_voice_quy_42076563.wav;Runapa llanpu sunqu kawsaynin kaptin, allin lawsay nispapas ninchik.
common_voice_quy_42076564.wav;Tayta mamaysi waqapuwachkan.
common_voice_quy_42076565.wav;Mikuna utaq mikuna imapas kaptin huk runapaqa mikunanpaqmi.
common_voice_quy_42076566.wav;Chakata simpaykuspa kuskaya pasapusun.
common_voice_quy_42076567.wav;Anti llaqtaqa, lliw llaqtakunam.
common_voice_quy_42076568.wav;Noqayku hamuniku iskay hora puriypi, noqayku hamuniku vendeq.
common_voice_quy_42076569.wav;Sartenchallaypas kapuwachkanmi.
common_voice_quy_42076570.wav;Imakunatapas, runakunata, uywakunata, llapallanta sutinchananchik.
common_voice_quy_42076571.wav;Kay neutrones nisqankuna huknin moleculas nisqata pakinman.
common_voice_quy_42076572.wav;Runap taytanta taytachakuspa.
common_voice_quy_42076573.wav;Kawsayqa wañuywanmi tukukun.
common_voice_quy_42076574.wav;Challwa hapiyqa runakunapa challwakunata hapiyninmi mikunankupaq.
common_voice_quy_42076575.wav;Truchaqa Europa llaqtamantam apamusqa karqa, huk musuq challwa uywa.
common_voice_quy_42076576.wav;Qonqallawaptikim.
common_voice_quy_42076577.wav;Kaypim kachkanku.
common_voice_quy_42076578.wav;Pasakunayñam kachkarqa.
common_voice_quy_42076579.wav;Paqarin mincham vueltarqamuchkasaq.
common_voice_quy_42076580.wav;Huk akatanqakunaqa allpa hawapim kawsanku, hukkunañataq sachakunapim yachanku.
common_voice_quy_42076589.wav;Ñam kutiramunikuña sumaq yachakuqkuna.
common_voice_quy_42076593.wav;Chirimantam, rapikuna ñataq waytakuna wiñanku, allpapiñataq sapikuna.
common_voice_quy_42076596.wav;Sunquqa yawartam muyunanpaq kamachin.
common_voice_quy_42076598.wav;Saqellawasqayki horamantaqa.
common_voice_quy_42076600.wav;Kay faringitis sasachakuykuna estreptococos nisqanmantaraykum.
common_voice_quy_42076621.wav;Horan horan waqanallay.
common_voice_quy_42076622.wav;Qamllamari mamallayta.
common_voice_quy_42076623.wav;Ñawpaq Iglesia Cristianapa punta kamachiqninmi karaq.
common_voice_quy_42076624.wav;Paykunapa qawarisqanmanhina, Intipa churinmi karqa.
common_voice_quy_42076625.wav;Kawsaq kawsaypi, kaykunam kawsaq uchkukunam.
common_voice_quy_42076629.wav;kumuykachallanqa.
common_voice_quy_42076630.wav;Kaykunam huknin uywakuna.
common_voice_quy_42076631.wav;Chaynatam musuq yachaykunata tarinchik.
common_voice_quy_42076632.wav;Kay rurukuna ñataq muhukuna wirasapam kanku.
common_voice_quy_42076633.wav;Tulluqa ancha uchku uchkum kurkunchikmanta.
common_voice_quy_42076654.wav;Ñawikuna hinam, rinrikuna hinam, makikuna hinam, chakikuna hinam.
common_voice_quy_42076656.wav;Upyana yakuqa runapa upyananpaq yakum.
common_voice_quy_42076657.wav;Intichay punchawqa qanchis kaq punchawmi, chaynata sutikun intiraykum.
common_voice_quy_42076658.wav;Kaykunam hukniraq papayapa yurakuna.
common_voice_quy_42076659.wav;Huk pachapim ninku, hallmanaykitaqa, llamkay.
common_voice_quy_42076664.wav;Runapas uywakunapas hukllam sinqayuq.
common_voice_quy_42076665.wav;Yakuman rumi wischusqay lambraschallay.
common_voice_quy_42076666.wav;Paykunaqa Jesusta Poncio Pilatuman wañunanpaq quykuraku.
common_voice_quy_42076667.wav;Madrinaypa padrinuypa.
common_voice_quy_42076668.wav;Compadrellayta debekuranichu.
common_voice_quy_42076679.wav;Suyuqa, república nisqan utaq monarquía nisqan.
common_voice_quy_42076680.wav;Allpa llamkayqa iskay ñawpaq llamkaykunamanta hukninmi.
common_voice_quy_42076681.wav;Kaymi huk aycha mikuq ñuñuq uywa.
common_voice_quy_42076682.wav;Ciertopuniña waylluwaspaqa.
common_voice_quy_42076683.wav;Kay mikuykunam sapa punchaw mikunanchik.
common_voice_quy_42076709.wav;Chay ñanpi puriq runakunata mancharichiy chaynallataq kawsaq masinkunata qatipay.
common_voice_quy_42076710.wav;Perú suyupa, Cusco suyunqa urayninlanpi tarikun.
common_voice_quy_42076711.wav;Kuyay compadreywan takirikunaypaq.
common_voice_quy_42076712.wav;Tukuy sunquywan turiykuna.
common_voice_quy_42076713.wav;Hinallataq, puriq quyllurkunam ñataq waranikunapas intita muyupayanku.
common_voice_quy_42076724.wav;Comadrellaywan upiaykunaypaq.
common_voice_quy_42076725.wav;Panteón ukutam yaykurusqani, pantaspay.
common_voice_quy_42076726.wav;Chay pachamantam samkay wasipi tiyachkarqqa.
common_voice_quy_42076727.wav;Kay suyum hamuq runakunapa imaymana kawsaykunata kicharin.
common_voice_quy_42076728.wav;Rumichallanta wischuchisun.
common_voice_quy_42076739.wav;Huk qaytu kurukuna yura mikuqmi kanku, hukkunañataq aycha mikuqmi.
common_voice_quy_42076740.wav;Muhu kutasqakunawan tantata upachinchik.
common_voice_quy_42076741.wav;Runapas uywakunapas iskay ñawiyuqmi.
common_voice_quy_42076742.wav;Pachakunapa pampankunatam riqsinchik.
common_voice_quy_42076743.wav;Hatun llaqtakunapiqa atuqkuna kanmi, doncellakuna ñataq qatuqkunapas.
common_voice_quy_42076779.wav;Allpa ukupi wiñasqanta wirasapa muhunata, miski kallpasachasapa rurukunapata mikunchik.
common_voice_quy_42076780.wav;Wasichallayki punkuchapi.
common_voice_quy_42076781.wav;Runa chayllapi imamantapas mancharikuptinqa, piñasqa kachkan, nispa ninchik.
common_voice_quy_42076782.wav;Runa rantikuqqa, imatapas rantikun. Runa rantimuqñataq rantimun.
common_voice_quy_42076784.wav;Qaqamantapas paqariq hina.
common_voice_quy_42076809.wav;Allpapi. Ritipi. Yakupi. Wayrapi.
common_voice_quy_42076812.wav;Chaysiya pichiwchallaqa, chukchuwan hapichikuchkan.
common_voice_quy_42076815.wav;Yachaqninkunawan kuskam llaqta folklorpi llamkarqa.
common_voice_quy_42076817.wav;Kaykunam huknin upyaykuna.
common_voice_quy_42076818.wav;Kayqaya pasachkaniña.
common_voice_quy_42076829.wav;Esquina muyurinapi, chichita chicha de qora.
common_voice_quy_42076830.wav;Uray qanay pasaqta.
common_voice_quy_42076832.wav;Lliw aycha mikuqkunamantam, lionqa aswan hatun aycha mikuqmi.
common_voice_quy_42076833.wav;Sacha rumiman arwipakuchkaqta.
common_voice_quy_42076835.wav;Yachay wayllukuypi, yupay yachaypipas ancha chaniyuqmi rikuyqa.
common_voice_quy_42076844.wav;Castaña de caballo nisqapim rurupi kichkakuna.
common_voice_quy_42076845.wav;Ayllu llaqtaqa, lliw kawsay runakunam.
common_voice_quy_42076846.wav;Kuyay mamayta weqe ñawintinta.
common_voice_quy_42076848.wav;Hinaspa Manqu Qhapaq Mama Uqllu warminwan lluqsirqa.
common_voice_quy_42076850.wav;Amam mamallay waqallankichu.
common_voice_quy_42076872.wav;Mecánica nisqapiqa, kanchay ruray sutichanchik.
common_voice_quy_42076873.wav;Warmita rantichkan.
common_voice_quy_42076874.wav;Kaykunam iskayniraq pampa kurukuna.
common_voice_quy_42076875.wav;Yakuqa maykunamanpas puqachinmi, chaynallataq qacha yaku wischuy kanmi.
common_voice_quy_42076876.wav;Hatun ankaqa, allin yaku pisqum.
common_voice_quy_42076891.wav;Ñoqallay pobre waqachirani.
common_voice_quy_42076893.wav;Sinchi sinchi llaki.
common_voice_quy_42076894.wav;Kunam punim munachkani.
common_voice_quy_42076895.wav;Chaynama ñoqa ripuspay.
common_voice_quy_42076896.wav;Llapallaykichis hamuychis, Qosqo runa, Perú runa, Huk paiskunapas.
common_voice_quy_42076912.wav;Pichqa chunka pichqa waranqa runakunam, awqanakuypi wañurqaku.
common_voice_quy_42076914.wav;Saksasqa kutiykunanchikpaq.
common_voice_quy_42076919.wav;Awqanchikpa kanchariy rimayninqa español simi nisqam.
common_voice_quy_42076920.wav;Yana puyullam tapawanqa.
common_voice_quy_42076945.wav;Caña tragotam upiarachimuwan
common_voice_quy_42076946.wav;Esquinachapi sayaq niñachata.
common_voice_quy_42076947.wav;Huk makipiqa pichqa rukanakunam kan, chaynallataq chakipipas.
common_voice_quy_42076948.wav;Kaymi huk kutipayaq michakuna.
common_voice_quy_42076950.wav;Huknin qillqankunapi uywakunapata ñataq waytakunapata kawsanninkuta riqsichin.
common_voice_quy_42076980.wav;Kuyay taytayta wiqi ñawintinta.
common_voice_quy_42076981.wav;Qampa chukchachaykiwan ñoqapa chukchachallaywan.
common_voice_quy_42076982.wav;Tipqay papakunataqa, chakiwanmi ruwakun, qarikuna ñataq warmikuna kay llamkayta ruwanku.
common_voice_quy_42076983.wav;Gradosqa huk takiq Perú suyumantam karqa.
common_voice_quy_42076984.wav;Qupa yakukunaqa ancha waqlliqmi kanku chaynallataq sasachakuqpas.
common_voice_quy_42076999.wav;Agencia punkupim saqemurqani.
common_voice_quy_42077000.wav;Manamya kutimusaqchu lambraschallay.
common_voice_quy_42077001.wav;Anchata muchuchiptinpas, manas Atawallpapa qurinmanta willarqachu.
common_voice_quy_42077002.wav;Yawar mayullam apawanqa.
common_voice_quy_42077024.wav;Senador nisqam karqa, vicepresidente nisqam, chaynallataq primer ministros nsqam.
common_voice_quy_42077025.wav;Chunchullqa chaka hinam.
common_voice_quy_42077026.wav;Uyachallaykipas kallasqaraqmi.
common_voice_quy_42077027.wav;Kay maytuqa mana allin qillqasqa kachkan.
common_voice_quy_42077028.wav;Chakiylla chakinqa.
common_voice_quy_42077067.wav;Taytanchikpa mikunanta mikuy, Jesucristuta yuyanapaq chaynallataq huchanchikta waqaychasqa kananpaq.
common_voice_quy_42077069.wav;Kaymi ruwamuyta atiwaq.
common_voice_quy_42077070.wav;Kawsaspapas wañuspapas qamllatam kuyakusayki.
common_voice_quy_42077071.wav;Kaymi huk iskayniraq runa rikchaqkuna.
common_voice_quy_42077072.wav;Sistema circulatorio nisqaqa kurkupi yawar sirkakunapa llikanmi, kaymi yawarta purichin.
common_voice_quy_42077087.wav;Aswan wapsi yakuyaptin, sutukunaqa miramun.
common_voice_quy_42077089.wav;Kaymi huk simipa llikanmi, simita sutichanapaq.
common_voice_quy_42077090.wav;Runakunaqa wallpakunata hinaspa huk pisqukunatapas uywankum runtunkunata mikunankupaq.
common_voice_quy_42077091.wav;Haylli kusa masiykuna.
common_voice_quy_42077092.wav;Qawaykusunchikyá kunachallan.
common_voice_quy_42077103.wav;Allpa hawapi kaq puyutaqa pacha puyu ninchikmi.
common_voice_quy_42077104.wav;Llakistin puriymanchu karqa, manaraq tupaykullachkaptiy.
common_voice_quy_42077105.wav;Carreterata mandakamuy.
common_voice_quy_42077106.wav;Yachay wasipim yachachinku.
common_voice_quy_42077107.wav;Niñacha tapurikusqayki.
common_voice_quy_42077113.wav;Comadrellaywan tomaykunaypaq.
common_voice_quy_42077114.wav;Imach ñoqa ruigachkayman.
common_voice_quy_42077115.wav;Aychanta ñataq tullunta kuchurqa, hinaspa achka runakunata aypura.
common_voice_quy_42077116.wav;Taytawan manaña apanakuspaqa, huchallikunmi.
common_voice_quy_42077144.wav;Ñoqa hina llakinallampaq.
common_voice_quy_42077145.wav;Manasya tarimunichu sumaq wasinchik hinata.
common_voice_quy_42077146.wav;Rimaykullaykichik wasichaykichikpi, llamkaykichikpi, yachay wasiykichikpi.
common_voice_quy_42077147.wav;Rio de Janeiro suyuqa Brasilpa suyum.
common_voice_quy_42077148.wav;Mayuman rumi chamqasqay lambraschallay.
common_voice_quy_42077155.wav;Kay ari nisqan rimaykunataqa simi yachaqkunawanmi rimanakunki, ama manam ninakuspanku.
common_voice_quy_42077156.wav;Uña uywakunata paqarimunku mana runtuta churaspa.
common_voice_quy_42077157.wav;Manasya tarimunichu qam hina uyachayuqta.
common_voice_quy_42077158.wav;Mana mamayuq mana taytayuq.
common_voice_quy_42077159.wav;Ñawipa kuchunqa iskaynintin siqikunapa chimpasqanmi, kuchusqapas sutichasqapas.
common_voice_quy_42077164.wav;Ciertupuniña kuyawaspaqa.
common_voice_quy_42077166.wav;Chay pachapi yarawikuna takisqankuqa llaki rimay takikunam karqa.
common_voice_quy_42077167.wav;Kaykunam Killapa mitakuna.
common_voice_quy_42077168.wav;Pichiwcha aspichakuqtas, killincha mancharichisqa.
common_voice_quy_42077169.wav;Qonqallawasqayki horamantaqa.
common_voice_quy_42077182.wav;Ruwanaqa, Waskarán urqupatam sutinta apan.
common_voice_quy_42077183.wav;Chaynatam qhatupa chaninta rimanakunchik.
common_voice_quy_42077184.wav;Taytallaykita reqsiykuspayqa.
common_voice_quy_42077185.wav;Pacha yupayqa, uraskunata, minutuskunata yupan hinallataq uratapas rikuchin.
common_voice_quy_42077186.wav;Chaynaqa chunkakunawanmi yupananchik.
common_voice_quy_42077193.wav;Pukaqa huk llinpim.
common_voice_quy_42077194.wav;Imaynallataq niwanaykipaq.
common_voice_quy_42077195.wav;Kaytaqa bazo nisqaman hinallataq wiksamanpas unkusqa runamantam ratachinman.
common_voice_quy_42077197.wav;Chaymantaqa aswan tuñisqa kachkan.
common_voice_quy_42077208.wav;Runasimi rimaq runakunaman qillqaykunata allin kananpaq kamachichkani.
common_voice_quy_42099722.wav;Kaykunam runakunapa, uywakunapa rikchayninkuna.
common_voice_quy_42099723.wav;Química nisqaqa imayaykuna materiapa yachaymi.
common_voice_quy_42099724.wav;Ancha yachapakuqmi chaynallataq folkrore tikraqmi.
common_voice_quy_42099725.wav;Chinaqa chumpim, urqutaq yuraqmi, qumir kunka umayuq.
common_voice_quy_42099731.wav;Amam taytallay llakillankichu.
common_voice_quy_42099732.wav;Kay muhukunamantam tanta hakuta kuchunchik.
common_voice_quy_42099733.wav;Kaymi huk rikchay urpi hina.
common_voice_quy_42099734.wav;Musuq yachachiq umanchakuqkunam kanraqmi, llaqtakunapi llamkanankupaq.
common_voice_quy_42099735.wav;Urpikunatam ñataq huk kurukunatapas mikunku.
common_voice_quy_42099736.wav;Sichu waqanki chay pachaqa.
common_voice_quy_42099737.wav;Munaychallaysi ñoqallaypaqa.
common_voice_quy_42099738.wav;Wallunachampim saqiykapuni.
common_voice_quy_42099739.wav;Españoleskuna chayaramuptinkum, achka sachakunata lliwapaq kuchumuraku.
common_voice_quy_42099740.wav;Iskay filosofía nisqakunamantam, aswan allinmi filosofía de arrastre nisqam.
common_voice_quy_42099741.wav;Kawallu awqaq nisqakunaqa kawallupi puriq awqaqkunam.
common_voice_quy_42099767.wav;Lliwmanta aswan allin upyanaqa chuya yakum.
common_voice_quy_42099768.wav;Ichallaraqpas yanayki kayman.
common_voice_quy_42099769.wav;Lliw puruyuq uywakunamantam aswan hatunmi.
common_voice_quy_42099770.wav;Hatun Chakuqa para mitayuqmi ñataq rupay mitayuqpas.
common_voice_quy_42099771.wav;Taytallaykita reqsiykachiway.
common_voice_quy_42099792.wav;Runakunaman waqllichin, huk ñawpaq kawsaqkunata ñataq achka chusikunatapas.
common_voice_quy_42099793.wav;Chaynam huk fútbol nisqa pukllaykuna.
common_voice_quy_42099794.wav;Moro pacha runa.
common_voice_quy_42099795.wav;Tawantinsuyupiqa, akllasqa warmakunam aklla wasipi kawsaqku.
common_voice_quy_42099796.wav;Musuq Rimanakuypa ñawpaq ñiqin qillqam.
common_voice_quy_42099807.wav;Quimicapiqa mana tinkisqa imakunapaq elemento nisqan sutichakun.
common_voice_quy_42099808.wav;Chaypi kawsaq runakunatam allin kawsayta yachachirqa.
common_voice_quy_42099809.wav;Kallpa tupuqa kaymi.
common_voice_quy_42099810.wav;Wañuyqa kawsaypatukuyninmi.
common_voice_quy_42099811.wav;Primera Guerra Mundial nisqapi waranqa waranqa runakunam wañurqaku.
common_voice_quy_42099827.wav;Chamanakuqa takipa tikrayninmi, llamkaywanmi chaninta ruranchik.
common_voice_quy_42099828.wav;Kaykunam imaynama akchikuna.
common_voice_quy_42099829.wav;Pitaq maytaq aysarillasunki.
common_voice_quy_42099830.wav;Maná reqsisqay runap llaqtanman.
common_voice_quy_42099831.wav;Chakata ruwaykuspa hakuya ripukusun.
common_voice_quy_42099847.wav;Ñawpaq pachaqa, pachapa pacham karqa.
common_voice_quy_42099848.wav;Tulluytodo friyirunaypaq.
common_voice_quy_42099849.wav;Tutayaykuptin, papakunataqa iskay kimsa tutata qasapi saqiy.
common_voice_quy_42099852.wav;Kay panqapiqa yachay wasipaq maytukunapim willakuykunata qawachichkaykichik.
common_voice_quy_42099855.wav;Islam iñiyqa, Coran nisqamantam willasqa kachkan.
common_voice_quy_42099867.wav;Latin simiqa romanukunapa rimayninmi karqa.
common_voice_quy_42099868.wav;Chiri suyukunapim anchata chirin, chiri mitapiñataq lastamun.
common_voice_quy_42099869.wav;Yachapakuqninkuwanmi tantata ñataq vinutapas rakinakurqa.
common_voice_quy_42099871.wav;Imaymana, hukniraq yakukunatam kay anafilaxia siqam ruwakun.
common_voice_quy_42099873.wav;Suegraytaqa munaymancha.
common_voice_quy_42099892.wav;Pachaqa lliw imapas ninmi.
common_voice_quy_42099893.wav;Huchaqa imaymana saqram.
common_voice_quy_42099894.wav;Pitaq maytaq machachimusunki.
common_voice_quy_42099895.wav;Hinaspa musuq simikunam lluqsirqa, romance nisqan.
common_voice_quy_42099896.wav;Electrones yupaykuna núcleo nisqapim, kaqllam.
common_voice_quy_42099921.wav;Maytam chaytam pusallawachkanki.
common_voice_quy_42099946.wav;Pichqa hatun wasikunam machu runakunapaq kanmi.
common_voice_quy_42099947.wav;Kay página nisqam kunanqa yuraqpi kachkan.
common_voice_quy_42099948.wav;Mana runtu pakikuptinqa, runtukunaqa inti rupaywanmi pakikun.
common_voice_quy_42099949.wav;Kayqaya ripuskaniña.
common_voice_quy_42099956.wav;Runaqa upyana yakuta pukyukunamanta utaq hatun yaku uchkunamantam hurqun.
common_voice_quy_42099957.wav;Chaynaqa kay watakunaqa manam kikinllakuchu.
common_voice_quy_42099958.wav;Llamkana mana atikuptinqa, runakunaqa raymikunapim pukllanku.
common_voice_quy_42099959.wav;Mana waykaypi hinam, manam mayqinpas waqllinchu, yanapanakunkum kikinkupura.
common_voice_quy_42099960.wav;Rabiaypim tomani.
common_voice_quy_42099962.wav;Llalliqmi hatun chaninta apakun.
common_voice_quy_42099963.wav;Kuyay comadreywan tusurikunaypaq.
common_voice_quy_42099966.wav;Amam tuñinkichu, kutimunaykama.
common_voice_quy_42099969.wav;Inti llikapiqa pusaq planitakuna kanmi.
common_voice_quy_42099991.wav;Yuyayqa kawsaqkunapa siqikunawan chaskisqa willaymi.
common_voice_quy_42099992.wav;Maynintam chayayman, icachacha llaqtaman.
common_voice_quy_42099993.wav;Pachacha churallawasqa.
common_voice_quy_42099994.wav;Hinaptinqa achka kaqllaña signos nisqan rikunchik.
common_voice_quy_42099996.wav;Kaykunam wakin ima rikchaykuna.
common_voice_quy_42100018.wav;Tukuy runakunapa atipay kayninmi.
common_voice_quy_42100019.wav;Iskay chaskiqkunam chaninchata mana munarqakuchu.
common_voice_quy_42100020.wav;Kamachikuqpiqa tawa hatun suyukuna kanmi.
common_voice_quy_42100021.wav;Kulluqa kuchuy kullupim kuchukun.
common_voice_quy_42100022.wav;Chanka llaqtapa hatun suyum karqa.
common_voice_quy_42100030.wav;Inkakunapa kawsayninpim chunka kimsayuq reyes nisqakuna karqa.
common_voice_quy_42100031.wav;Imaynallapas kakullaymancha.
common_voice_quy_42100032.wav;Rikuqa achkiy, rikcha musyaymi.
common_voice_quy_42100034.wav;Lasta parallam pampawanqa.
common_voice_quy_42100035.wav;Chiri chirita runapa ruwasqantam chiri pacha nisqan sutin.
common_voice_quy_42100041.wav;Patio qayllanpim huk tuqu kanmi.
common_voice_quy_42100042.wav;Kaykunam yuraykuna.
common_voice_quy_42100043.wav;Tomay wasipipas achikyakunay.
common_voice_quy_42100044.wav;Ninrichallanta chiptiykapullaway.
common_voice_quy_42100045.wav;España llaqtam mana república nisqachu, monarquía nisqam.
common_voice_quy_42100052.wav;Molécula nisqaqa moleculamanta ruwasqan kachkan.
common_voice_quy_42100054.wav;Kaykunam pachapa tupunkuna.
common_voice_quy_42100056.wav;Llasayqa aysanwanmi tupikun.
common_voice_quy_42100057.wav;Manasya upiaykimanchu, aswampas llakiyman nispa.
common_voice_quy_42100058.wav;Pana brazuchaypim, apakapusqayki.
common_voice_quy_42100067.wav;Ñuñunkunawanmi uñanchankunata ñuñuchkanku.
common_voice_quy_42100068.wav;Aswan isqun chunka minuto nisqanta ruwaspaqa, llalliqmi.
common_voice_quy_42100069.wav;Casado hamuspayqa manacha takiymanchu
common_voice_quy_42100070.wav;Distritupiqapiqa sinchi castellano simillatam rimanku.
common_voice_quy_42100071.wav;Yachay wasipim, ñawinchayta ñataq qillqayta yachanchik.
common_voice_quy_42100082.wav;Maychika runap wawantaraq.
common_voice_quy_42100083.wav;Yuyariwaptikim.
common_voice_quy_42100084.wav;Sinqaqa kurkupim kachkan, sinqaqa samananchikpaqmi.
common_voice_quy_42100085.wav;Kaykunam hukniraq atuqkuna.
common_voice_quy_42100091.wav;Runap mamanta mamachakuspa.
common_voice_quy_42100092.wav;Chaynam ñuqa ripukuspay.
common_voice_quy_42100093.wav;Pitaq maytam rikunki.
common_voice_quy_42100095.wav;Chaysiya pichiwchallaqa, chukchuwan katatatachkan.
common_voice_quy_42100096.wav;Mayun mayunmi maskamuchkayki.
common_voice_quy_42100102.wav;Wañuywanmi, kurkuqa ayapi tikrakun.
common_voice_quy_42100103.wav;Chay aypasqankunapim, kimsakama kamachik akllasqa karqa.
common_voice_quy_42100109.wav;Perú suyupiqa, llaqta amachaqmi runakunapa hayñinkunata chaninchan.
common_voice_quy_42100115.wav;Yuyayninchikpi imatapas waqaychaspaqa, yachanchikmi.
common_voice_quy_42100116.wav;Provincia de Manu nisqanpim, tawa distritukunam kan.
common_voice_quy_42100122.wav;Yanaqa, mana akchiriq llinpim.
common_voice_quy_42100123.wav;Patrunqa qullqi manuq runakunaman karqa, runakunapaqa sasachay pacham karqa.
common_voice_quy_42100124.wav;Sacha rumiman apipakuchkaqta.
common_voice_quy_42100125.wav;Arpaschay, violinchallay.
common_voice_quy_42100149.wav;Kaykuna hina chutarayaptiki
common_voice_quy_42100150.wav;Manamya vueltamusaqchu, laduykiman.
common_voice_quy_42100151.wav;Tukuy tiksi muyum pacha sutichakun.
common_voice_quy_42100362.wav;Bizantino nisqan qapaqpa siminmi karqa.
common_voice_quy_42100365.wav;Lliw warmikunamanta qillqaqa, kaypi kananmi.
common_voice_quy_42100366.wav;Paquchapa, wikuñapa, llamapa, wanakupapas millmanwankunawanmi qaytukunata puchkanchik.
common_voice_quy_42100367.wav;Rabiaypim upiani.
common_voice_quy_42100368.wav;Chay pachapiqa achka Filósofo nisqakuna ñataq Qillqaqkunam karqaku.
common_voice_quy_42100379.wav;Qamkunata rimachikichik.
common_voice_quy_42100380.wav;Chiri pachapiqa unay tutakuna kanmi, pisi punchawkuna ñataq aslla achkiy.
common_voice_quy_42100381.wav;Cantinakunapis.
common_voice_quy_42100382.wav;Hatun mama qucham, puchqu yaku.
common_voice_quy_42100383.wav;Iskay makinchikpiqa chunka rukanakuna kanmi, iskay kuti pichqam.
common_voice_quy_42100393.wav;Paqarin mincham kutirqamuchkasaq.
common_voice_quy_42100394.wav;Chaynatam chay niraqllata sutichanku.
common_voice_quy_42100395.wav;Entero munduntintañam ñoqaqa muyuramuni.
common_voice_quy_42100396.wav;Llamkaq chuspikuna paqariptinkum, mama chuspiqa manañam llamkanchu, runtukuna churayllapi kakun.
common_voice_quy_42100397.wav;Nobel de la Paz nisqawanmi chaninchasqa karqa.
common_voice_quy_42100409.wav;Casado hamuspayqa manacha tusuymanchu
common_voice_quy_42100410.wav;Qoykapuway kutichipuway warma vidachallayta.
common_voice_quy_42100412.wav;Bibliapa qipa maytum.
common_voice_quy_42100413.wav;Chaypim runtukunata churanku chaynallataq mallkunkunata uywanku.
common_voice_quy_42100437.wav;Almendra rurum, Europapa, Asiapapa ñataq África llaqtamanta.
common_voice_quy_42100438.wav;Kurku kuyuchinaqa, huk runa kurkunta kuyuchimuptinmi, muyuykunawan hinallataq kallpawan llamkachispa.
common_voice_quy_42100439.wav;Makichallaypis ñoqallaypaqa.
common_voice_quy_42100440.wav;Chakiqa rukapim kachkan, chakiqa purinapaqmi.
common_voice_quy_42100441.wav;Mayullamanmi pawaykullayman rabiaypi.
common_voice_quy_42100452.wav;Chaypicha tomakusaqpas manapas.
common_voice_quy_42100453.wav;Amam urmankichu, vueltamunaykama.
common_voice_quy_42100455.wav;Kunanmi kastilla simitaqa kay mama llaqtakunapi rimakun.
common_voice_quy_42100457.wav;Yachayqa ancha chaniyuqmi runapa.
common_voice_quy_42100460.wav;Wasiqa pirqakunayuqmi, qatakunayuqmi, punkuyuqmi, tuqukunayuqmi.
common_voice_quy_42100476.wav;Algodonchapi ninata astay.
common_voice_quy_42100479.wav;Qaylla ayllu, comunllaqa.
common_voice_quy_42100481.wav;Amam mamallay waqankichu.
common_voice_quy_42100483.wav;Kuna pachapiqa, imaymana willakuykunata correopi apachinchik.
common_voice_quy_42100485.wav;Karuqa karuqa, iskay tuqupi tupunapaq.
common_voice_quy_42100502.wav;Chaynata waylluwaptikiqa.
common_voice_quy_42100503.wav;Kay llaqtamantam runankunaqa uyarichkan.
common_voice_quy_42100504.wav;Llaqtachallaytas para parachkan.
common_voice_quy_42100505.wav;Ñaqata rikuwayqa.
common_voice_quy_42100506.wav;Huk takanawan, huk colchawan utaq huk takyaychinawanmi kaspita sachapi takananchikpaq llamkachinchik.
common_voice_quy_42100522.wav;Lliwchamanta lasta muyuqa ancha kallpasapam.
common_voice_quy_42100523.wav;Maytuqa huk unquykunamantam yupan.
common_voice_quy_42100525.wav;Wiqawqa kurkupa wichay rakiyninmi.
common_voice_quy_42100527.wav;Rosascha tapurikusqayki, waytascha tapurikusqayki.
common_voice_quy_42100529.wav;Quni quni atmósfera nisqapim kañakuptin, oxígeno gaseoso nisqawanmi combustibleta ruwanapaq kituchin.
common_voice_quy_42100547.wav;Universidad simiqa, latina simimantam paqarimurqa.
common_voice_quy_42100548.wav;Yaqa achka tigrikunaqa hatunkaraymi kanku, hatun uywakunatapas mikunku.
common_voice_quy_42100549.wav;Sapa watam imaymana tikakunawan ñataq mikuykunawan qipikunata qarkanchik.
common_voice_quy_42100550.wav;Cobrechawan acerowan hukman kaskillasqa.
common_voice_quy_42100551.wav;Huk runapa mamanqa, warmi payta wachakuqninmi.
common_voice_quy_42100577.wav;Huk muhu puqusqamantam musuq yurata puqun.
common_voice_quy_42100578.wav;Utqayllam wiñanku, sisarinku, hinaspa pawayta qallarinku.
common_voice_quy_42100579.wav;Runakunaqa rurukunata, rapinkunatapas hampinapaqmi hapinku.
common_voice_quy_42100580.wav;Yurakunapa rapinkunam, huñunakuypiqa kawsaq intipa chunqankuna ninchikmi.
common_voice_quy_42100581.wav;Aswanqa, kurkunchikwanmi rimanakamuniku hinallataq uyanchikpa qawariyninkunawanpas.
common_voice_quy_42100597.wav;Chaynata kuyawaptikiqa.
common_voice_quy_42100598.wav;Aqa wasipipas achikyakunay.
common_voice_quy_42100604.wav;Kaykunam hukniraq akchikuna.
common_voice_quy_42100605.wav;Esquina muyurinapi, chichita chicha de molle.
common_voice_quy_42100611.wav;Lliw tiqsi muyupi kaq, aswan hatunmi.
common_voice_quy_42100613.wav;Hinaspa iñiqkunaqa wiñaypaq kawsanqaku, mana iñiqkunañataq wiñaypaq wañunqaku.
common_voice_quy_42100616.wav;Manamya vueltamusaqchu lambraschallay.
common_voice_quy_42100618.wav;Chaypi kawsaq runakunam, huk ayllupi hinam kawsanku.
common_voice_quy_42100619.wav;Llaqtaykitaqa wayrasqachusmi.
common_voice_quy_42100628.wav;Kaykunam hukniraq kallpasapa yurakuna.
common_voice_quy_42100630.wav;Kaykunallapi llakinaypaq.
common_voice_quy_42100632.wav;Chaytacha gastakusaqpas manapas.
common_voice_quy_42100634.wav;Runapa kawsan allin kayninmi, runakunapa hayñinmi.
common_voice_quy_42100635.wav;Kay willayqa waqaychanam.
common_voice_quy_42100646.wav;Chay Roma llaqtapas romanukunapa qallaqrisqansi karqa.
common_voice_quy_42100647.wav;Unquyqa qaratam llikin.
common_voice_quy_42100648.wav;Killaqa Inti Raymim.
common_voice_quy_42100649.wav;Quesoqa huk sinchi mikunam, lichimanta rurasqa.
common_voice_quy_42100650.wav;Arpaschallay, viulinchallay.
common_voice_quy_42100666.wav;Manasya tumaykimanchú, aswampas waqayman nispa.
common_voice_quy_42100667.wav;Asukartaqa batatamantam hurqunchik, Europa suyupiñataq rimulacha sapinmantam.
common_voice_quy_42100668.wav;Huk protestante nisqan iglesiakunapiqa, pastor nispan sutichanku.
common_voice_quy_42100672.wav;Rurupa rapinqa hawapim kachkan.
common_voice_quy_42100677.wav;Noqayku pachakuyku siempre kay hina sapa punchaw pachaykukuna.
common_voice_quy_42100711.wav;Uchuy yachay wasi, Ñawpaq runakunapa wasi.
common_voice_quy_42100712.wav;Sullka wawa Fernandom, taytankunapa wañuyninta rikurqa.
common_voice_quy_42100713.wav;Achka estiércol de wana nisqam costa perú llaqtapi karqa.
common_voice_quy_42100714.wav;Kaymi yurakunapa mirayninkuna.
common_voice_quy_42100715.wav;Runaqa machanmi achka aqata upyaptin, yachaynintapas chinkachinmanmi.
common_voice_quy_42100734.wav;Rimana Wasiqa, llaqta runakunapa sutinpi riman.
common_voice_quy_42100736.wav;Kaymi huknin uyakuna.
common_voice_quy_42100738.wav;Rikuy rikuchkanki.
common_voice_quy_42100744.wav;Precioyuqmi kasqa.
common_voice_quy_42100756.wav;Chankaku nisqam, chakikunapa ñataq chankakunapa pacham.
common_voice_quy_42100757.wav;Suegroytaqa gustaymancha.
common_voice_quy_42100758.wav;Maymi kunan kutimunchu.
common_voice_quy_42100759.wav;Waytaylla waytanqa.
common_voice_quy_42100761.wav;Kaymi hukniraq uyaychasqan maytukuna.
common_voice_quy_42100771.wav;Kay hinam qillqasqapi willakuyqa.
common_voice_quy_42100773.wav;Tukuypas imapas.
common_voice_quy_42100775.wav;Kaymi huknin miski imakunamanta.
common_voice_quy_42100777.wav;Wasikitaqa chirisqachusmi.
common_voice_quy_42100778.wav;Cielo ripuy wawachallaywan.
common_voice_quy_42100792.wav;Tarpuyta, llamkayta qatiqnin runakunatam yachachirqa.
common_voice_quy_42100793.wav;Puriq wiraqa aceite nisqam ninchik.
common_voice_quy_42100794.wav;Kaykunam hukniraq rikchhanakuna.
common_voice_quy_42100795.wav;Hukniraqpa rurunkunata mikunchik, bayakunta hina.
common_voice_quy_42100796.wav;Ñoqata qawawayqa.
common_voice_quy_42100817.wav;Wakkuna hina wischurayaptiki
common_voice_quy_42100818.wav;Yanusqa muhukunatam mikunchik.
common_voice_quy_42100819.wav;Kaykunam hukniraq temporizador nisqan.
common_voice_quy_42100820.wav;Wirayakullachkan.
common_voice_quy_42100821.wav;Ñawipa takyayninmi chapuywan ruwasqa, ñawsa kay sutinmi.
common_voice_quy_42100832.wav;Ñoqa hina waqanallampaq.
common_voice_quy_42100834.wav;Payqa kawsasqa uywakunata paqarinmun chaynallataq ñuñun.
common_voice_quy_42100835.wav;Cristiano mankataqa iglesia nispam sutichanku.
common_voice_quy_42100837.wav;Chaypi pichqa chunka watatam ñawparirun.
common_voice_quy_42100838.wav;Chaynama ñoqa pasaspay.
common_voice_quy_42100852.wav;Kanan punim gustachkani.
common_voice_quy_42100853.wav;Kaykunam watapa killakuna.
common_voice_quy_42100854.wav;Allpa ukupi sapiyuq mana sapiyuqpas.
common_voice_quy_42100855.wav;Chaynaqa awqaqa mana tariyta atirqachu.
common_voice_quy_42100857.wav;Huk pisqukunapa takiyninkunatam yachapayan.
common_voice_quy_42100887.wav;Imay mana dispositivo nisqaqa tiksimuyuntinpim internet nisqaman tinkichikunman.
common_voice_quy_42100888.wav;Runakuna waqra tubuta ñataq pachakunata waqrakunawanmi ruwananku.
common_voice_quy_42100889.wav;Tiksimuyu kuntimanta antiman muyurimusqanman hina, antinchikpim inti paqarimusqanta qawanchik.
common_voice_quy_42100890.wav;Warmacha tapurikusqayki.
common_voice_quy_42100891.wav;Huk entreguta ruwaykusunchik.
common_voice_quy_42100912.wav;Manaña sachakuna kaptin, pachaqa chinkariyta qallarin.
common_voice_quy_42100913.wav;Manamñaya kutimusaqchu.
common_voice_quy_42100914.wav;Killachay punchaw nisqaqa semanapa ñawpaq punchawninmi, killamanta sutichasqa.
common_voice_quy_42100915.wav;Kaykunam wakin mana qullqillapaq ruwaykuna.
common_voice_quy_42100916.wav;Chuya qillqakunaqa musuq testamento nisqapa, griego simipim qillqasqa kachkan.
common_voice_quy_42100942.wav;Antartida nisqaqa Tiksimuyuntinpi aswan uralanpi kaq.
common_voice_quy_42100943.wav;Sunquqa yawartam sirkakunamanta tanqan.
common_voice_quy_42100944.wav;Kunankama llaki llaqtakunam kan.
common_voice_quy_42100945.wav;Pitaq maytaq chutarillasunki.
common_voice_quy_42100946.wav;Kay hatun pisqukunaqa waqaychananchikmi, chinkaykunamanta.
common_voice_quy_42100977.wav;Allpa yachaymi allpakunamanta, mama llaqtakunamanta yachaymi.
common_voice_quy_42100978.wav;Kay runam huk ancha riqsisqa takiqmi.
common_voice_quy_42100979.wav;Wira allpa mulinuta hatarichirqa, ñataq huk hatun industriakunata.
common_voice_quy_42100980.wav;Kaymi huknin rimaykuna.
common_voice_quy_42100981.wav;Pitaq maytam qawanki.
common_voice_quy_42101031.wav;Achka qarawikunata inglés simipim qillqan.
common_voice_quy_42101032.wav;Puru purucha wayu wayucha.
common_voice_quy_42101033.wav;Kaykunam runakunapa huk unquchiqkunamanta unquyninkunam.
common_voice_quy_42101034.wav;Runasimi rimaq runakuna kanmi.
common_voice_quy_42101036.wav;Kay rataykunaqa wasiman apakun, chaymanta wakin yawar masinkunaman apachikun.
common_voice_quy_42101061.wav;Ñoqallay vueltamunallayta.
common_voice_quy_42101062.wav;Aswan uchuy elemento nisqamantam núcleo nisqam sutin.
common_voice_quy_42101063.wav;Invitasqa kanku llapanku visitantikuna.
common_voice_quy_42101064.wav;Runapas mikuy pachakunawanmi unqurinku.
common_voice_quy_42101065.wav;Hinaspa chaki mitapim achka runakuna llakisqa kachkanku chaynallataq yakunayasqa.
common_voice_quy_42101084.wav;Ñoqay pasanaypaq.
common_voice_quy_42101085.wav;Castaño sachaqa América Nortemantam.
common_voice_quy_42101088.wav;Manaña manaña uyarisuptiki.
common_voice_quy_42101090.wav;Yanuy hinaspa papata qaray, cebollakunata ñataq hukniraq miski rurukunata huk llucllu mankapi.
common_voice_quy_42101093.wav;Ñawiqa umapim, kaypim qawarikuyta paqarin.
common_voice_quy_42101101.wav;Yaqa achka pakchakunaqa aycha mikuqmi kanku.
common_voice_quy_42101103.wav;qanchis punchawpa qanchis punchawmi.
common_voice_quy_42101105.wav;Inkakunapa, Tawantinsuyo runakunapa llaqtanmi karqa.
common_voice_quy_42101108.wav;Ica llaqtaqa Perú suyupim tarikun.
common_voice_quy_42101109.wav;Inti raymiqa Saksaywamanpi raymikun.
common_voice_quy_42101125.wav;Wasichallaytas lasta pampachkan.
common_voice_quy_42101127.wav;Mana valeq wawaykita.
common_voice_quy_42101128.wav;Killapas intimantam achkiyninta chaskin.
common_voice_quy_42101129.wav;Ima yupaypas chusaqwan mirachisqaqa chusaqllam lluqsin.
common_voice_quy_42101130.wav;Anchatam kuyayki.
common_voice_quy_42101152.wav;Chay pachapiqa, killaqa eclíptica nisqapi ñataq intipi chawpinpi ikachkan.
common_voice_quy_42101157.wav;Kunan pachapiqa rantina qullqiwanmi rantinchik.
common_voice_quy_42101160.wav;Kay llaqtakunam aswa runasimi rimay kanku.
common_voice_quy_42101162.wav;Violinchay miskita waqaykuy.
common_voice_quy_42101200.wav;Allpa hawanpi achka kallmasapa iamymana puquykunam wiñanku.
common_voice_quy_42101201.wav;Rinriqa umapim, kaypim uyarikuyta paqarichin.
common_voice_quy_42101202.wav;Pichqa watapis, kikin nimusqanman hina, mana qillqayta atirqachu.
common_voice_quy_42101204.wav;Inkakunapa sutinta hapiykuchkaptinpas, kastilla simillapi qillqarqa.
common_voice_quy_42101206.wav;Awqaqkuna mana kutichiptin, Ollanta Humalaqa chaymanta ayqirqa.
common_voice_quy_42101212.wav;Núcleo nisqaqa, atomopa hawanmi, mana electrones nisqawan.
common_voice_quy_42101213.wav;Qaway qawachkanki.
common_voice_quy_42101214.wav;Granada llaqtam atiparun, qipa Árabe España llaqtata.
common_voice_quy_42101215.wav;Traguschallay, vinuschallay.
common_voice_quy_42101217.wav;Ichallaraqpas chullayki kayman.
common_voice_quy_42101241.wav;Kaymi hukniraq pantallaypa ukunkuna yachachinaypaq.
common_voice_quy_42101242.wav;Kaykunallapi waqanaypaq.
common_voice_quy_42101243.wav;Sacha rumiman hapipakuchkaqta.
common_voice_quy_42101245.wav;Puntallay dinamita.
common_voice_quy_42101247.wav;Kay qipi siqikunatam riqsinchik.
common_voice_quy_42101279.wav;Kaykunam imayrikuq qillqakuna.
common_voice_quy_42101281.wav;Ñawpaq kamachiq inka.
common_voice_quy_42101283.wav;"Parkipiqa hatun zona de ""protección estricta"" siqa kanmi."
common_voice_quy_42101284.wav;Entero munduntintañam ñoqaqa puriramuni.
common_voice_quy_42101285.wav;Para inti kanchayninpi kuska kachkaptinqa, killatam rikunchik.
common_voice_quy_42101298.wav;Manasya vueltamunñachu, lambraschallay.
common_voice_quy_42101300.wav;Iglesia La Mercedpim pampakusqa kachkan.
common_voice_quy_42101301.wav;Chawpi Urquqa llapan urqukunamanta aswan hatunmi.
common_voice_quy_42101302.wav;Anime nisqanmi, huk serie aniamada Japón suyumantam.
common_voice_quy_42101303.wav;Iskay chunka isqunniyuq distrito nisqakuna kanmi.
common_voice_quy_42101314.wav;Cielo ripuy wawallaywan.
common_voice_quy_42101315.wav;Aymuray killapim allamurqaku.
common_voice_quy_42101316.wav;Manamya laduykimanchu lambraschallay.
common_voice_quy_42101317.wav;Paladar nisqaqa simipa ukunpi tullu hawam.
common_voice_quy_42101318.wav;Rupay pachapi, unay punchawkuna, pisi tutakuna ñataq achka akchiykuka kanmi.
common_voice_quy_42101331.wav;Kunanqa manañam iñiy raymiñachu.
common_voice_quy_42101332.wav;Wasiki punkupi kuti kuti lambras.
common_voice_quy_42101333.wav;Arquímedes nisqam, huk Griego yupay yachaqmi karqa.
common_voice_quy_42101335.wav;Mamallaykita reqsiykuspayqa.
common_voice_quy_42101337.wav;Rurukunata mikunchik, malliyninqa hayaqmi.
common_voice_quy_42101349.wav;Allinlla chayananchikpaq allinlla kutinanchikpaq.
common_voice_quy_42101350.wav;Manaraq huk watayuq wawakunataqa, pallpa ninchikmi.
common_voice_quy_42101351.wav;Rikullaña nisuptiki.
common_voice_quy_42101352.wav;Esquina muyurinapim tiendaypas.
common_voice_quy_42101353.wav;Kunanmi portugués simitaqa, kay suyukunapim rimakun.
common_voice_quy_42101400.wav;Chay killapim Ayamarpa rayminta ruwarqaku, ayakunata marqaspanku.
common_voice_quy_42101403.wav;Iñipa hatun rayminmi, Jesuspa kawsarikusqan punchawmi.
common_voice_quy_42101408.wav;Pana makichaypim, pusakapusqayki.
common_voice_quy_42101411.wav;Runakunata huchankunamanta pampachanapaq Jesú churinta, pachaman apachirqa.
common_voice_quy_42101431.wav;Truyanukuna iñiruptinkum, kawalluta llaqtamanmi aysamurqaku.
common_voice_quy_42101433.wav;Sapachallay kay mundupi.
common_voice_quy_42101435.wav;Qaraqa runapam ñataq uywakunapa, chaywanmi kurkuta amachakunku.
common_voice_quy_42101436.wav;Warkunachampim dejaykapuni.
common_voice_quy_42101437.wav;Pachaqa sachakunawanmi wankisqa karqa, kunankama.
common_voice_quy_42101470.wav;Chaynatam pachata ruwanku chaynallataq uchku pachata allichanku.
common_voice_quy_42101471.wav;Ñutqunchikwanmi umanchanchik chaynallataq hamutanchik.
common_voice_quy_42101472.wav;Kaykuman rimaykunapa ayllu, indo europea rimaykunapa sapin.
common_voice_quy_42101475.wav;Kaykunam aswan chaniyuq mustasapa yurakuna.
common_voice_quy_42101477.wav;Illapachay punchawqa tawa kaq punchawmi.
common_voice_quy_42101613.wav;Akchiyqa kay puykunamantam paqarimun.
common_voice_quy_42101615.wav;Yaqa achka Ararankakunaqa yakupim kawsanku.
common_voice_quy_42101619.wav;Wasi rurayqa, ancha sumaq llamkaymi.
common_voice_quy_42101621.wav;Maynintam chayayman, limacha llaqtaman.
common_voice_quy_42101624.wav;Waytachallay rosaschallay.
common_voice_quy_42101659.wav;Kawsayqa aswan karu willakuykunamantaqa.
common_voice_quy_42101661.wav;Achka yachayspanta ruwaspa.
common_voice_quy_42101663.wav;Yana nawi.
common_voice_quy_42101664.wav;Pachak wata sapallan.
common_voice_quy_42101665.wav;Miskillaña nisuptiki.
common_voice_quy_42101700.wav;Sichu llakinki chay pachaqa.
common_voice_quy_42101702.wav;Qamllamari taytallayta.
common_voice_quy_42101704.wav;Kay muhukunaqa miski kiskim proteína nisqapi.
common_voice_quy_42101706.wav;Sócrates nisqapa kawsasqanmanta mana chiqap wañusqanmantapas Platonmi qillqarqa.
common_voice_quy_42101707.wav;Ñoqay ripunaypaq.
common_voice_quy_42101782.wav;Sumaqlla tapapakuni.
common_voice_quy_42101784.wav;Iskay munisipyukuna kanmi.
common_voice_quy_42101786.wav;Kiwiqa, hanaq antikunapim wiñan.
common_voice_quy_42101787.wav;Kaykunam hukniraq aywikuna.
common_voice_quy_42101788.wav;Manasya ripuymanpaschu.
common_voice_quy_42101840.wav;Qaqallamanmi wichiykullayman rabiaypi.
common_voice_quy_42101858.wav;Huk simi rumimanta warmakunapaq ruwarqa.
common_voice_quy_42101860.wav;Suyupiqa aswan castellano simim llallin.
common_voice_quy_42101863.wav;Warma vidaschaypi.
common_voice_quy_42101865.wav;Rimana wasiqa poder legislativo nisqan sutikun, kamachikunata ruwasqanrayku.
common_voice_quy_42101901.wav;Kimsa municipios nisqa kanmi.
common_voice_quy_42101903.wav;Kaykunam hiknin rikchaykuna.
common_voice_quy_42101907.wav;Pawqar mita killa paqarimuqpa, yakuqa mama quchamanmi kallpan.
common_voice_quy_42101910.wav;Pukyupiqa, mayu yakupam allpapi paqarin.
common_voice_quy_42101915.wav;Manaraq silluykullachkaptiy.
common_voice_quy_42101954.wav;Perú suyupam takiynin.
common_voice_quy_42101955.wav;Illayqa runapa kuyuymi huk llaqtamanta utaq wasimanta huklawman.
common_voice_quy_42101957.wav;Pachapa wayra pachapi yaku hinam, wasipa rupayninpipas.
common_voice_quy_42101968.wav;Cristianuman tikrakuspan, runamanqa bautizanku quchankunata pampachikunapaq.
common_voice_quy_42101986.wav;Calendario Gregoriano nimusqanmam hina, wataqa chunka iskayniyuq killayuqmi.
common_voice_quy_42101988.wav;Sonqo suwa.
common_voice_quy_42101990.wav;Arpaschay sumaqta tukaykuy.
common_voice_quy_42101991.wav;Qoykapuway kutichipuway soltero vidachallayta.
common_voice_quy_42101995.wav;Ama pinqakuychu rimachikichik quechua simita.
common_voice_quy_42102033.wav;Allin kullum uywakunapa kanchanpaq.
common_voice_quy_42102034.wav;Amam taytallay llakinkichu.
common_voice_quy_42102047.wav;Chawpi runakuna llaqtamanta inglés simita rimanku.
common_voice_quy_42102052.wav;Ñuñuqkunapa qaranqa llampucha ñataq chukchasapa.
common_voice_quy_42102053.wav;Hinaspaqa runa maskaq hamunqa.
common_voice_quy_42102055.wav;Maynintam chayayman, puquio llaqtallayman.
common_voice_quy_42102057.wav;Chay núcleo nisqa pakikusqanmi manchay kanchayta rikurichin.
common_voice_quy_42102061.wav;Tukuy punchaw llaki llakillaña harawikunata takin.
common_voice_quy_42102063.wav;Sumaq urpicha.
common_voice_quy_42102065.wav;Asíes chaynata kuyaway.
common_voice_quy_42102078.wav;Bombacha toqiachkan.
common_voice_quy_42102079.wav;Chukcham huk ñaqchay chukchata llampuyachinapaqmi.
common_voice_quy_42102082.wav;Qallallallallanqa.
common_voice_quy_42102085.wav;Achka simikunapim hatun qispi maytuta rurachkanchik.
common_voice_quy_42102216.wav;Qullqimanta kaspiwan kuyusqa kaspimanta ondas nisqakunatam ruwaniku.
common_voice_quy_42102217.wav;Ordenchata apachimuy.
common_voice_quy_42102218.wav;Kawsay yachayqa lliw kawsaq runakunapa yachachiyninmi.
common_voice_quy_42102219.wav;Maytam chaytam apallawachkanki.
common_voice_quy_42102220.wav;Kaymi huknin rikchaqninkuna Antikunapi wiñaq.
common_voice_quy_42102230.wav;Azufre nisqaqa kullupa samayninwanmi kutichimun.
common_voice_quy_42102231.wav;Kallmapa rurunmi kallmapa rikuqmi mirachinapaq.
common_voice_quy_42102232.wav;Manasya tarimunichu airiyki airichayuqta.
common_voice_quy_42102233.wav;Guitarra nisqaqa huk rachina waqachina waqachinam.
common_voice_quy_42102234.wav;Yawarta waqachkan.
common_voice_quy_42102254.wav;Kayta akllasqa mana qhawasqa tropical unqusqa kaqhina kan.
common_voice_quy_42102256.wav;Puka rurukunatam mikunchik.
common_voice_quy_42102259.wav;Huk Estación Espacial Iternacional nisqanllatam paqarichirqa.
common_voice_quy_42102261.wav;Pisi rimayllapi química, imakuna qallariykunaman tinkisqakunaqa tinkisqa ninchikmi.
common_voice_quy_42102263.wav;Pichqa punchawpim ayataqa pampanchik.
common_voice_quy_42102285.wav;Papakunaqa pampapim wiñan.
common_voice_quy_42102288.wav;Gloria patachallapi.
common_voice_quy_42102290.wav;Arí sumaq Warmi.
common_voice_quy_42102295.wav;Kay prueba nisqakunaqa mana ruwakunmanchu, imanasqa, hampiqa síntomas nisqapiraykum ruwakun.
common_voice_quy_42102297.wav;Kaykunam amachaykuna, pacha mamanchikta amachananchikpaq.
common_voice_quy_42102344.wav;Comadrellaymi sinkarachimuwan.
common_voice_quy_42102346.wav;Manukuspay prestakuspay alkirikusqayta.
common_voice_quy_42102348.wav;Yachachiqqa yachakuqkunata ñawinchaymanta, qillqaymanta ñataq yupaykunamanta yachachinmi.
common_voice_quy_42102349.wav;Chiki tuku takillachkan.
common_voice_quy_42102351.wav;Occidental Europa nisqapim, puchuq llatakunam llaqta rimachiq, llaqta qullqisapayuq ñataq llaqta kamachikmi karqaku.
common_voice_quy_42102364.wav;Divirtaqa rurasaqku.
common_voice_quy_42102366.wav;Tukurqullanñas kunan punchaw.
common_voice_quy_42102368.wav;Umapim simi kachkan, ñawipas, chaynallataq sinqapas.
common_voice_quy_42102369.wav;Gloria yaykuykuchkawan.
common_voice_quy_42102370.wav;Ancha kusisqam kachkani kaysuma sumaq pachapi kasqaymanta.
common_voice_quy_42102385.wav;Menostaña piensay.
common_voice_quy_42102387.wav;Uywakunatam sarakunata mikuchinchik.
common_voice_quy_42102391.wav;Ima kawsasqankumanta, chaynatam rakinchik.
common_voice_quy_42102393.wav;Hinaspa huk runata chakramanta lluqsiqta qawarani.
common_voice_quy_42102395.wav;Chay telataqa pirqa rumi hinam wasichanapaq ruwanku.
common_voice_quy_42102406.wav;Umaqa runapa, uywakunapapas kurkun hananpi kachkan.
common_voice_quy_42102408.wav;Umalliq kayninqa umalliq kayninpi ruwaq runam.
common_voice_quy_42102411.wav;Pipas internet nisqaman yaykuspan ruwapayanman.
common_voice_quy_42102413.wav;Soltero vidachallayta suwarquwasqanki.
common_voice_quy_42102415.wav;Kay maytukunaqa Judaísmumanta ñataq Cristianismmanam hamunku.
common_voice_quy_42102434.wav;Runaqa iskay chakiyuqmi.
common_voice_quy_42102436.wav;Millwa pachaqa ancha qunicham.
common_voice_quy_42102438.wav;Kawallupa ukunpim, Odiseom sinchinkunawan pakakur.
common_voice_quy_42102439.wav;Pachaqa intipa hawanpim kachkan.
common_voice_quy_42102440.wav;Paymi huk hatun qillqapa qillqaynin investigacionniymanta.
common_voice_quy_42102461.wav;Isqun distritukuna kanmi.
common_voice_quy_42102462.wav;Waqastin puriymanchu karqa.
common_voice_quy_42102463.wav;Hatun pirqakunata rurarqa, kunankama rikukunmi.
common_voice_quy_42102466.wav;Calaveratam mucharusqani qam nispay.
common_voice_quy_42102470.wav;Unquyqa unquchikunmi huk unquykunawan.
common_voice_quy_42102491.wav;Negraschallay zambaschallay.
common_voice_quy_42102492.wav;Kulluqa wasita ruwanapaqmi, hinallataq huk ruranakunapaqpas.
common_voice_quy_42102493.wav;Tiksi muyupa wayra pachanpiqa kay gas nisqankunam kachkan.
common_voice_quy_42102494.wav;Antawaqa huk chusaq pachaman riyta atinman.
common_voice_quy_42102496.wav;Chaypicha upiakusaqpas manapas.
common_voice_quy_42102506.wav;Wawachaqa iskay chunka tawayuq llullu kiruchaqyumi.
common_voice_quy_42102509.wav;Pacha ukupiqa yaku kananmi, utaq parananpas.
common_voice_quy_42102514.wav;Iskay muyuriqkunam kaymanta chaynallataq chimpapi kaq, kaqllam kanku.
common_voice_quy_42102519.wav;Suqta harawikunata paqarichirqa.
common_voice_quy_42102522.wav;Manasya pasaymanpaschu.
common_voice_quy_42102523.wav;Kutiramuspayqa, vueltaramuspayqa.
common_voice_quy_42102525.wav;Asíes chaynata waylluway.
common_voice_quy_42102529.wav;Runakunapaqa illapaqa manam allinchu, chaynallataq huk kawsaqkunapaqpas.
common_voice_quy_42102531.wav;Aceitichaypas kapuwachkanmi.
common_voice_quy_42102542.wav;Balala parachkan.
common_voice_quy_42102543.wav;Punkukunata tuqukunatapas mármol nisqawan laqapara.
common_voice_quy_42102544.wav;Provincia nisqam kay uywakunapa wasin.
common_voice_quy_42102545.wav;Comadrellayta debekuranichu.
common_voice_quy_42102546.wav;Rantinallam kasqa.
common_voice_quy_42102557.wav;Miskita waqaykamuy.
common_voice_quy_42102558.wav;Ama qunqankichikchu qamkuna.
common_voice_quy_42102559.wav;Chaynatam sallqa pachata waqllichinku.
common_voice_quy_42102560.wav;Entero mununtintañam ñoqaqa muyuramuni.
common_voice_quy_42102563.wav;Qaqamantapas rikuriq hina.
common_voice_quy_42102584.wav;Kusi takita takisun qurilla wawachaman.
common_voice_quy_42102586.wav;Cumpañamintulay.
common_voice_quy_42102587.wav;Runa rantikuqqa, allin imakunatapas qawachin. Runa rantimuqñataq tapuykunata ruwan.
common_voice_quy_42102588.wav;Astronomiaqa pachapa, hawa pachakunapa ñataq chaskakunapa yachachqmi.
common_voice_quy_42102591.wav;Kay iñikunatam huklla apu iñiy ninchikmi.
common_voice_quy_42102599.wav;Kay pawaq uywakunam raprayuq kanku.
common_voice_quy_42102601.wav;Pitaq maytaq sinchimusunki.
common_voice_quy_42102605.wav;Kallanpaqa allillamantam wiñan, allillamanta qaranmanta rakikuspa.
common_voice_quy_42102607.wav;Kay uywakunata aychanrayku, runtunkunarayku, phurunkunarayku uywasqa karqaku.
common_voice_quy_42102609.wav;Tusuyqa kuyunakuymi runakunapaqa, takiwan tusuywanpas.
common_voice_quy_42102617.wav;Kay qaytukunawanmi kay qaytukunata utqaylla puchkanchik.
common_voice_quy_42102618.wav;Warmipas qaripas.
common_voice_quy_42102620.wav;Compadrellaymi macharachimuwan.
common_voice_quy_42102622.wav;Tapukuykunapa qipantam tapunapaq chikuta qillqanchik.
common_voice_quy_42102624.wav;Unqusqa runataqa hampiq runaqa hampikunatam quykun.
common_voice_quy_42102646.wav;Waranqa pichqa pachakmi qollqeypas.
common_voice_quy_42102647.wav;Capitalista runaqa nisqam antawa ruwanayuqmi, llamkaqkunañataq paypaq llamkanku.
common_voice_quy_42102648.wav;Mana kaykunata ruwaptikiqa, wañukunmanmi.
common_voice_quy_42102654.wav;Chisinkuy pachapa sutinmi, inti chinkakuy.
common_voice_quy_42102655.wav;Irradiación nisqaqa ismuchkaq radionúclidos nisqaman rikchakuq partículas nisqakunapa llimpiyninmi.
common_voice_quy_42102658.wav;Kay radionucleidos nisqam ionización nisqapa ismuyninpi kaynata ionizasqa kanku.
common_voice_quy_42102660.wav;Tusurikunaypaq.
common_voice_quy_42102663.wav;Yaqa tukuy mestizo nisqankunam castellano simita rimanku.
common_voice_quy_42116933.wav;Waytaylla waytanqa.
common_voice_quy_42116934.wav;Caña tragonwan fregaderochiwanampaq.
common_voice_quy_42116935.wav;Mikuna utaq mikuna imapas kaptin huk runapaqa mikunanpaqmi.
common_voice_quy_42116936.wav;Inti llikapiqa pusaq planitakuna kanmi.
common_voice_quy_42116937.wav;Mana waykaypi hinam, manam mayqinpas waqllinchu, yanapanakunkum kikinkupura.
common_voice_quy_42116938.wav;Pichiwcha aspichakuqtas, killincha mancharichisqa.
common_voice_quy_42116939.wav;Inkakunapa, Tawantinsuyo runakunapa llaqtanmi karqa.
common_voice_quy_42116940.wav;Kuyay comadreywan tusurikunaypaq.
common_voice_quy_42116941.wav;Kaymi huknin uyakuna.
common_voice_quy_42116942.wav;Chay kaspimanta wasiqa torowan chaqrusqa kallmakunamanta ruwasqa kaspikunawanmi ruwasqa kachkan.
common_voice_quy_42116943.wav;Huk pisqukunapa takiyninkunatam yachapayan.
common_voice_quy_42116944.wav;Divirtaqa rurasaqku.
common_voice_quy_42116945.wav;Inkakunapa kawsayninpim chunka kimsayuq reyes nisqakuna karqa.
common_voice_quy_42116958.wav;Uray qanay pasaqta.
common_voice_quy_42116959.wav;Huk entreguta ruwaykusunchik.
common_voice_quy_42116961.wav;Kunanqa manañam iñiy raymiñachu.
common_voice_quy_42116962.wav;Pichqa watapis, kikin nimusqanman hina, mana qillqayta atirqachu.
common_voice_quy_42116964.wav;Yachachiqqa yachakuqkunata ñawinchaymanta, qillqaymanta ñataq yupaykunamanta yachachinmi.
common_voice_quy_42116965.wav;Puriq wiraqa aceite nisqam ninchik.
common_voice_quy_42116966.wav;Capitalista runaqa nisqam antawa ruwanayuqmi, llamkaqkunañataq paypaq llamkanku.
common_voice_quy_42116967.wav;Chaypicha upiakusaqpas manapas.
common_voice_quy_42116982.wav;Ruwanaqa, Waskarán urqupatam sutinta apan.
common_voice_quy_42116984.wav;Mecánica nisqapiqa, kanchay ruray sutichanchik.
common_voice_quy_42116985.wav;Wasiki punkupi.
common_voice_quy_42116986.wav;Achka proteína nisqayuqmi, allin punim mikunanchukpaq.
common_voice_quy_42117003.wav;Tusuyqa kuyunakuymi runakunapaqa, takiwan tusuywanpas.
common_voice_quy_42117004.wav;Isqun distritukuna kanmi.
common_voice_quy_42117005.wav;Kay llaqtakunam aswa runasimi rimay kanku.
common_voice_quy_42117006.wav;Vueltayta vueltamusaqmi, manamya wasikimanchu.
common_voice_quy_42117007.wav;Achka simikunapim hatun qispi maytuta rurachkanchik.
common_voice_quy_42117023.wav;Ñoqallay vueltamunallayta.
common_voice_quy_42117024.wav;Kaykunam imayrikuq qillqakuna.
common_voice_quy_42117025.wav;Chaskachaw nisqaqa, pichqa ñiqin punchawmi qanchischawpi, chaskarayku sutichasqa.
common_voice_quy_42117027.wav;Millwawanmi pachakunata awanchik.
common_voice_quy_42117029.wav;Yana puyullam tapawanqa.
common_voice_quy_42117030.wav;Llaqtachallaytas para parachkan.
common_voice_quy_42117037.wav;Hinaspa Manqu Qhapaq Mama Uqllu warminwan lluqsirqa.
common_voice_quy_42117038.wav;Kaymi yurakunapa mirayninkuna.
common_voice_quy_42117039.wav;Ñam kutiramunikuña sumaq yachakuqkuna.
common_voice_quy_42117040.wav;Miskita llakiykamuy.
common_voice_quy_42117041.wav;Ñuqaqa tupamurqani.
common_voice_quy_42117072.wav;Ima yupaypas chusaqwan mirachisqaqa chusaqllam lluqsin.
common_voice_quy_42117074.wav;Uchuy yachay wasi, Ñawpaq runakunapa wasi.
common_voice_quy_42117075.wav;Kay pisqum kuyasqa warmipa qillqa takipi rikurin.
common_voice_quy_42117076.wav;Kaykunam hukniraq papayapa yurakuna.
common_voice_quy_42117107.wav;Killapas intimantam achkiyninta chaskin.
common_voice_quy_42117108.wav;Pipas internet nisqaman yaykuspan ruwapayanman.
common_voice_quy_42117109.wav;Quimicapiqa mana tinkisqa imakunapaq elemento nisqan sutichakun.
common_voice_quy_42117110.wav;Química nisqaqa imayaykuna materiapa yachaymi.
common_voice_quy_42117111.wav;Huknin qillqankunapi uywakunapata ñataq waytakunapata kawsanninkuta riqsichin.
common_voice_quy_42117117.wav;Sinqaqa kurkupim kachkan, sinqaqa samananchikpaqmi.
common_voice_quy_42117118.wav;Harawi simiqa Tawantinsuyu pachapim paqarin.
common_voice_quy_42117119.wav;Punkukunata tuqukunatapas mármol nisqawan laqapara.
common_voice_quy_42117124.wav;Chaymantaqa aswan tuñisqa kachkan.
common_voice_quy_42117134.wav;Chaynatam sallqa pachata waqllichinku.
common_voice_quy_42117135.wav;Moro pacha runa.
common_voice_quy_42117136.wav;Kaymi huk iskayniraq runa rikchaqkuna.
common_voice_quy_42117137.wav;Kikinpi chiqaptinmi, yachaykunapi waylluyta pusarqa.
common_voice_quy_42117138.wav;Pitaq maytaq machachimusunki.
common_voice_quy_42117179.wav;Rimana Wasiqa, llaqta runakunapa sutinpi riman.
common_voice_quy_42117180.wav;Kaykunam huknin quechua simipi sufijukuna.
common_voice_quy_42117181.wav;Ñawpaq pachaqa, pachapa pacham karqa.
common_voice_quy_42117183.wav;Esquina muyurinapi, chichita chicha de molle.
common_voice_quy_42117184.wav;Kaymi huk ancha riqsisqa aranway pukllaqkuna.
common_voice_quy_42117214.wav;Imaymana, hukniraq yakukunatam kay anafilaxia siqam ruwakun.
common_voice_quy_42117216.wav;Ñoqay pasanaypaq.
common_voice_quy_42117217.wav;Warma vidaschaypi.
common_voice_quy_42117218.wav;Mana valeq wawaykita.
common_voice_quy_42117229.wav;Kawsayqa wañuywanmi tukukun.
common_voice_quy_42117230.wav;Casado hamuspayqa manacha takiymanchu
common_voice_quy_42117231.wav;Kaykunam huk conjugación nisqankuna.
common_voice_quy_42117232.wav;Manamya laduykimanchu lambraschallay.
common_voice_quy_42117292.wav;Chaysiya pichiwchallaqa, chukchuwan hapichikuchkan.
common_voice_quy_42117293.wav;Tukuy punchaw llaki llakillaña harawikunata takin.
common_voice_quy_42117294.wav;Maychika runap wawantaraq.
common_voice_quy_42117295.wav;Ñawipa kuchunqa iskaynintin siqikunapa chimpasqanmi, kuchusqapas sutichasqapas.
common_voice_quy_42128017.wav;Pacha yupayqa, uraskunata, minutuskunata yupan hinallataq uratapas rikuchin.
common_voice_quy_42128018.wav;Llamkaq chuspikuna paqariptinkum, mama chuspiqa manañam llamkanchu, runtukuna churayllapi kakun.
common_voice_quy_42128020.wav;Paymi huk hatun qillqapa qillqaynin investigacionniymanta.
common_voice_quy_42128064.wav;Chirichapipas, wayrachapipas.
common_voice_quy_42128065.wav;Hinaspa iñiqkunaqa wiñaypaq kawsanqaku, mana iñiqkunañataq wiñaypaq wañunqaku.
common_voice_quy_42128066.wav;Comadrellaywan upiaykunaypaq.
common_voice_quy_42128067.wav;Runaqa machanmi achka aqata upyaptin, yachaynintapas chinkachinmanmi.
common_voice_quy_42128068.wav;Ciertupuniña kuyawaspaqa.
common_voice_quy_42128089.wav;Ama pinqakuychu rimachikichik quechua simita.
common_voice_quy_42128090.wav;Chaynatam qhatupa chaninta rimanakunchik.
common_voice_quy_42128091.wav;Manasya tarimunichu airiyki airichayuqta.
common_voice_quy_42128092.wav;Patrunqa qullqi manuq runakunaman karqa, runakunapaqa sasachay pacham karqa.
common_voice_quy_42128093.wav;Kay pisqukunam hatun puka quchapim kawsanku.
common_voice_quy_42128099.wav;Pusaq watayuqwanmi kanchariyta qallarirqa.
common_voice_quy_42128101.wav;Yuyayninchikpi imatapas waqaychaspaqa, yachanchikmi.
common_voice_quy_42128102.wav;Kawsaspapas wañuspapas qamllatam kuyakusayki.
common_voice_quy_42128104.wav;Castaño sachaqa América Nortemantam.
common_voice_quy_42128113.wav;Mayun mayunmi maskamuchkayki.
common_voice_quy_42128114.wav;Anime nisqanmi, huk serie aniamada Japón suyumantam.
common_voice_quy_42128115.wav;Kay rurukuna ñataq muhukuna wirasapam kanku.
common_voice_quy_42128116.wav;Puru purucha wayu wayucha.
common_voice_quy_42128117.wav;Munaychallaysi ñoqallaypaqa.
common_voice_quy_42128129.wav;Waytachallay rosaschallay.
common_voice_quy_42128130.wav;Qallaykamusunchik kay willakuykunawan.
common_voice_quy_42128131.wav;Papakunaqa pampapim wiñan.
common_voice_quy_42128132.wav;Ñawpaq kamachiq inka.
common_voice_quy_42128165.wav;Achka qarawikunata inglés simipim qillqan.
common_voice_quy_42128166.wav;Paqarimusqanchikmantam wañunanchikkama yachanchik.
common_voice_quy_42128167.wav;Runaqa upyana yakuta pukyukunamanta utaq hatun yaku uchkunamantam hurqun.
common_voice_quy_42128168.wav;Runakunaqa rurukunata, rapinkunatapas hampinapaqmi hapinku.
common_voice_quy_42128213.wav;Apurímac llaqtam Perú suyunchikmanta uray lawninpi kaq.
common_voice_quy_42128215.wav;Kay hatun pisqukunaqa waqaychananchikmi, chinkaykunamanta.
common_voice_quy_42128216.wav;Cobrechawan acerowan hukman kaskillasqa.
common_voice_quy_42128269.wav;Maynintapas urqusaqun.
common_voice_quy_42128270.wav;Kaykunam huknin upyaykuna.
common_voice_quy_42128271.wav;Llasayqa aysanwanmi tupikun.
common_voice_quy_42128272.wav;Makinchikwanmi hapinchik, llamkanchik, siqinchik, qillqanchikpas.
common_voice_quy_42128273.wav;Huk takanawan, huk colchawan utaq huk takyaychinawanmi kaspita sachapi takananchikpaq llamkachinchik.
common_voice_quy_42128279.wav;Hinaspa huk runata chakramanta lluqsiqta qawarani.
common_voice_quy_42128280.wav;Wasichallaytas lasta pampachkan.
common_voice_quy_42128282.wav;Runakuna waqra tubuta ñataq pachakunata waqrakunawanmi ruwananku.
common_voice_quy_42128283.wav;Llakiypipas, kusiypipas.
common_voice_quy_42128292.wav;Chaynam huk fútbol nisqa pukllaykuna.
common_voice_quy_42128294.wav;Taytallaykita reqsiykachiway.
common_voice_quy_42128296.wav;Horan horan waqanallay.
common_voice_quy_42128297.wav;Waranqa pichqa pachakmi qollqeypas.
common_voice_quy_42128298.wav;Chaynatam pachata ruwanku chaynallataq uchku pachata allichanku.
common_voice_quy_42128304.wav;Kay suyum hamuq runakunapa imaymana kawsaykunata kicharin.
common_voice_quy_42128305.wav;Azufre nisqaqa kullupa samayninwanmi kutichimun.
common_voice_quy_42128306.wav;Lliw warmikunamanta qillqaqa, kaypi kananmi.
common_voice_quy_42128307.wav;Niñacha tapurikusqayki.
common_voice_quy_42128308.wav;Chaynaqa awqaqa mana tariyta atirqachu.
common_voice_quy_42128319.wav;Arquímedes nisqam, huk Griego yupay yachaqmi karqa.
common_voice_quy_42128320.wav;Atawallpa Yupankipa achka takinkunatam takirqa.
common_voice_quy_42128322.wav;Kayqaya ripuskaniña.
common_voice_quy_42128323.wav;Chakiylla chakinqa.
common_voice_quy_42128330.wav;Kaymi huknin miski imakunamanta.
common_voice_quy_42128331.wav;Kaykunam hukniraq akchikuna.
common_voice_quy_42128332.wav;Sapachallay kay mundupi.
common_voice_quy_42128333.wav;Ancha kusisqam kachkani kaysuma sumaq pachapi kasqaymanta.
common_voice_quy_42128346.wav;Manaña manaña uyarisuptiki.
common_voice_quy_42128347.wav;Yakuqa maykunamanpas puqachinmi, chaynallataq qacha yaku wischuy kanmi.
common_voice_quy_42128348.wav;Challwa hapiyqa runakunapa challwakunata hapiyninmi mikunankupaq.
common_voice_quy_42128350.wav;Qaqamantapas paqariq hina.
common_voice_quy_42128368.wav;Kay radionucleidos nisqam ionización nisqapa ismuyninpi kaynata ionizasqa kanku.
common_voice_quy_42128369.wav;Yakuqa mana chuyam kananchu.
common_voice_quy_42128370.wav;Hatun llaqtakunapiqa atuqkuna kanmi, doncellakuna ñataq qatuqkunapas.
common_voice_quy_42128371.wav;Pachaqa lliw imapas ninmi.
common_voice_quy_42128372.wav;Huk simi rumimanta warmakunapaq ruwarqa.
common_voice_quy_42128378.wav;Violinchay miskita waqaykuy.
common_voice_quy_42128379.wav;Tipqay papakunataqa, chakiwanmi ruwakun, qarikuna ñataq warmikuna kay llamkayta ruwanku.
common_voice_quy_42128380.wav;Yachay wayllukuypi, yupay yachaypipas ancha chaniyuqmi rikuyqa.
common_voice_quy_42128381.wav;Huk muhu puqusqamantam musuq yurata puqun.
common_voice_quy_42128382.wav;Qupa yakukunaqa ancha waqlliqmi kanku chaynallataq sasachakuqpas.
common_voice_quy_42128388.wav;Astronomiaqa pachapa, hawa pachakunapa ñataq chaskakunapa yachachqmi.
common_voice_quy_42128389.wav;Quesoqa huk sinchi mikunam, lichimanta rurasqa.
common_voice_quy_42128390.wav;Kasarakuyqa runapa kawsayninpi ancha hatun punchawmi, sinchi kusikuywanmi raymichanchik.
common_voice_quy_42128391.wav;Haylli kusa masiykuna.
common_voice_quy_42128392.wav;Llapallaykichis hamuychis, Qosqo runa, Perú runa, Huk paiskunapas.
common_voice_quy_42128414.wav;Traguschallay, vinuschallay.
common_voice_quy_42128415.wav;Chaynaqa kay watakunaqa manam kikinllakuchu.
common_voice_quy_42128417.wav;Kaykuna hina chutarayaptiki
common_voice_quy_42128419.wav;Iskay chunka isqunniyuq distrito nisqakuna kanmi.
common_voice_quy_42128421.wav;Chaynama ñoqa pasaspay.
common_voice_quy_42128439.wav;Rurupa rapinqa hawapim kachkan.
common_voice_quy_42128446.wav;Iskay chaskiqkunam chaninchata mana munarqakuchu.
common_voice_quy_42128449.wav;Wasi tiyasqay iskinapim.
common_voice_quy_42128453.wav;Intichay punchawqa qanchis kaq punchawmi, chaynata sutikun intiraykum.
common_voice_quy_42128454.wav;Mana mamayuq mana taytayuq.
common_voice_quy_42128455.wav;Paqarin mincham vueltarqamuchkasaq.
common_voice_quy_42128456.wav;Upyana yakuqa runapa upyananpaq yakum.
common_voice_quy_42128457.wav;Mana kaykunata ruwaptikiqa, wañukunmanmi.
common_voice_quy_42128458.wav;Gloria patachallapi.
common_voice_quy_42128469.wav;Chiri suyukunapim anchata chirin, chiri mitapiñataq lastamun.
common_voice_quy_42128470.wav;Kamachikuqpiqa tawa hatun suyukuna kanmi.
common_voice_quy_42128471.wav;Chiri chirita runapa ruwasqantam chiri pacha nisqan sutin.
common_voice_quy_42128728.wav;Hinaspaqa runa maskaq hamunqa.
common_voice_quy_42128729.wav;Ciertopuniña waylluwaspaqa.
common_voice_quy_42128730.wav;Perú suyupa, Cusco suyunqa urayninlanpi tarikun.
common_voice_quy_42128732.wav;Qoykapuway kutichipuway soltero vidachallayta.
common_voice_quy_42128744.wav;Gradosqa huk takiq Perú suyumantam karqa.
common_voice_quy_42128745.wav;Wasiqa pirqakunayuqmi, qatakunayuqmi, punkuyuqmi, tuqukunayuqmi.
common_voice_quy_42128746.wav;Kaymi ruwamuyta atiwaq.
common_voice_quy_42128747.wav;Carreterata mandakamuy.
common_voice_quy_42128753.wav;Kaymi huk kutipayaq michakuna.
common_voice_quy_42128755.wav;Ñutqunchikwanmi umanchanchik chaynallataq hamutanchik.
common_voice_quy_42128756.wav;Tukurqullanñas kunan punchaw.
common_voice_quy_42128757.wav;Chamanakuqa takipa tikrayninmi, llamkaywanmi chaninta ruranchik.
common_voice_quy_42128763.wav;Waqastin puriymanchu karqa.
common_voice_quy_42128764.wav;kumuykachallanqa.
common_voice_quy_42128766.wav;Yurakunapa rapinkunam, huñunakuypiqa kawsaq intipa chunqankuna ninchikmi.
common_voice_quy_42128767.wav;Qispi kayqa runakunapa hayñinmi.
common_voice_quy_42128771.wav;Huamanga plazapi.
common_voice_quy_42128773.wav;Kaykunallapi waqanaypaq.
common_voice_quy_42128775.wav;Chinaqa chumpim, urqutaq yuraqmi, qumir kunka umayuq.
common_voice_quy_42128778.wav;Pawqar mita killa paqarimuqpa, yakuqa mama quchamanmi kallpan.
common_voice_quy_42128781.wav;Imay mana dispositivo nisqaqa tiksimuyuntinpim internet nisqaman tinkichikunman.
common_voice_quy_42128803.wav;Makichallaypis ñoqallaypaqa.
common_voice_quy_42128804.wav;Huk qaytu kurukuna yura mikuqmi kanku, hukkunañataq aycha mikuqmi.
common_voice_quy_42128805.wav;Tawantinsuyupiqa, akllasqa warmakunam aklla wasipi kawsaqku.
common_voice_quy_42128806.wav;Rabiaypim tomani.
common_voice_quy_42128807.wav;Iskay makinchikpiqa chunka rukanakuna kanmi, iskay kuti pichqam.
common_voice_quy_42353380.wav;Chaysiya pichiwchallaqa, chukchuwan katatatachkan.
common_voice_quy_42353382.wav;Calendario Gregoriano nimusqanmam hina, wataqa chunka iskayniyuq killayuqmi.
common_voice_quy_42353383.wav;Noqayku pachakuyku siempre kay hina sapa punchaw pachaykukuna.
common_voice_quy_42353385.wav;Hukniraqpa rurunkunata mikunchik, bayakunta hina.
common_voice_quy_42353387.wav;Uywakunatam sarakunata mikuchinchik.
common_voice_quy_42353405.wav;Universidad simiqa, latina simimantam paqarimurqa.
common_voice_quy_42353407.wav;Llalliqmi hatun chaninta apakun.
common_voice_quy_42353409.wav;Kunan pachapiqa rantina qullqiwanmi rantinchik.
common_voice_quy_42353411.wav;Hatun pirqakunata rurarqa, kunankama rikukunmi.
common_voice_quy_42353413.wav;Illayqa runapa kuyuymi huk llaqtamanta utaq wasimanta huklawman.
common_voice_quy_42353438.wav;Chayraykum kaynata kamarachinchik.
common_voice_quy_42353439.wav;Chuya qillqakunaqa musuq testamento nisqapa, griego simipim qillqasqa kachkan.
common_voice_quy_42353440.wav;Tulluytodo friyirunaypaq.
common_voice_quy_42353441.wav;Lliw puruyuq uywakunamantam aswan hatunmi.
common_voice_quy_42353442.wav;Kasarakuyqa runapa kawsayninpi ancha hatun punchawmi, sinchi kusikuywanmi raymichanchik.
common_voice_quy_42353484.wav;Entero munduntintañam ñoqaqa puriramuni.
common_voice_quy_42353485.wav;Yaqa achka tigrikunaqa hatunkaraymi kanku, hatun uywakunatapas mikunku.
common_voice_quy_42353486.wav;Chaynatam musuq yachaykunata tarinchik.
common_voice_quy_42353487.wav;Núcleo nisqapim protoneskuna ñataq neutroneskuna hinallataq núcleo qawapi electroneskuna kachkan.
common_voice_quy_42353488.wav;Saqellawasqayki horamantaqa.
common_voice_quy_42353523.wav;Balala parachkan.
common_voice_quy_42353524.wav;Aceitichaypas kapuwachkanmi.
common_voice_quy_42353525.wav;Runaqa iskay chakiyuqmi.
common_voice_quy_42353526.wav;Millwa pachaqa ancha qunicham.
common_voice_quy_42353527.wav;Algodonchapi ninata astay.
common_voice_quy_42353559.wav;Cristiano mankataqa iglesia nispam sutichanku.
common_voice_quy_42353560.wav;Kawsay yachayqa lliw kawsaq runakunapa yachachiyninmi.
common_voice_quy_42353561.wav;Ñawpaq Iglesia Cristianapa punta kamachiqninmi karaq.
common_voice_quy_42353562.wav;Huk akatanqakunaqa allpa hawapim kawsanku, hukkunañataq sachakunapim yachanku.
common_voice_quy_42353563.wav;Runa rantikuqqa, imatapas rantikun. Runa rantimuqñataq rantimun.
common_voice_quy_42353579.wav;Hinaspa chaki mitapim achka runakuna llakisqa kachkanku chaynallataq yakunayasqa.
common_voice_quy_42353580.wav;Chiki tuku qachwallachkam.
common_voice_quy_42353581.wav;Huamanga llaqtapi.
common_voice_quy_42353582.wav;Chirichapipas, wayrachapipas.
common_voice_quy_42353583.wav;Mana mamayuq mana taytayuq.
common_voice_quy_42353604.wav;Compadrellayta debekuranichu.
common_voice_quy_42353606.wav;Wira allpa mulinuta hatarichirqa, ñataq huk hatun industriakunata.
common_voice_quy_42353608.wav;Hatun llaqtapiqa iskay simikunatam rimanku.
common_voice_quy_42353610.wav;Miskita waqaykamuy.
common_voice_quy_42353612.wav;Kay panqapiqa yachay wasipaq maytukunapim willakuykunata qawachichkaykichik.
common_voice_quy_42353624.wav;Illapachay punchawqa tawa kaq punchawmi.
common_voice_quy_42353626.wav;Irradiación nisqaqa ismuchkaq radionúclidos nisqaman rikchakuq partículas nisqakunapa llimpiyninmi.
common_voice_quy_42353628.wav;Chay ñanpi puriq runakunata mancharichiy chaynallataq kawsaq masinkunata qatipay.
common_voice_quy_42353629.wav;Aswan wapsi yakuyaptin, sutukunaqa miramun.
common_voice_quy_42353630.wav;Aymuray killapim allamurqaku.
common_voice_quy_42353648.wav;Iñipa hatun rayminmi, Jesuspa kawsarikusqan punchawmi.
common_voice_quy_42353650.wav;Guitarra nisqaqa huk rachina waqachina waqachinam.
common_voice_quy_42353656.wav;Kaykunam amachaykuna, pacha mamanchikta amachananchikpaq.
common_voice_quy_42353657.wav;Arpaschay sumaqta tukaykuy.
common_voice_quy_42353658.wav;Pachapa wayra pachapi yaku hinam, wasipa rupayninpipas.
common_voice_quy_42353664.wav;Sunqu suwa.
common_voice_quy_42353665.wav;Manasya tumaykimanchú, aswampas waqayman nispa.
common_voice_quy_42353666.wav;Qamllamari mamallayta.
common_voice_quy_42353667.wav;Runapa llanpu sunqu kawsaynin kaptin, allin lawsay nispapas ninchik.
common_voice_quy_42353668.wav;Cielo ripuy wawallaywan.
common_voice_quy_42353682.wav;Kaykunam runakunapa, uywakunapa rikchayninkuna.
common_voice_quy_42353683.wav;Pichqa punchawpim ayataqa pampanchik.
common_voice_quy_42353684.wav;Kay neutrones nisqankuna huknin moleculas nisqata pakinman.
common_voice_quy_42353685.wav;Puntallay dinamita.
common_voice_quy_42353686.wav;Chay pachapiqa, killaqa eclíptica nisqapi ñataq intipi chawpinpi ikachkan.
common_voice_quy_42353692.wav;Kaykuman rimaykunapa ayllu, indo europea rimaykunapa sapin.
common_voice_quy_42353693.wav;Chay núcleo nisqa pakikusqanmi manchay kanchayta rikurichin.
common_voice_quy_42353694.wav;Rikullaña nisuptiki.
common_voice_quy_42353695.wav;Ayllu llaqtaqa, lliw kawsay runakunam.
common_voice_quy_42353696.wav;Ñoqa hina waqanallampaq.
common_voice_quy_42353717.wav;Runakunata huchankunamanta pampachanapaq Jesú churinta, pachaman apachirqa.
common_voice_quy_42353718.wav;Kay página nisqam kunanqa yuraqpi kachkan.
common_voice_quy_42353719.wav;Pachaqa sachakunawanmi wankisqa karqa, kunankama.
common_voice_quy_42353720.wav;Iskay chaskiqkunam chaninchata mana munarqakuchu.
common_voice_quy_42353721.wav;Runap mamanta mamachakuspa.
common_voice_quy_42353731.wav;pachakunapa tarpuykunam runapa makinpim yurakuna hinallataq uywakunapas.
common_voice_quy_42353732.wav;Chaynatam chay niraqllata sutichanku.
common_voice_quy_42353733.wav;Ñoqa hina llakinallampaq.
common_voice_quy_42353734.wav;Wira kayqa kay unquykunapaq chiki ruraqmi.
common_voice_quy_42353735.wav;Kayta akllasqa mana qhawasqa tropical unqusqa kaqhina kan.
common_voice_quy_42353744.wav;Bibliapa qipa maytum.
common_voice_quy_42353745.wav;Tawantinsuyu pachapiqa Inkakuna ama sacha kuchuypi pacham karqa.
common_voice_quy_42353746.wav;qanchis punchawpa qanchis punchawmi.
common_voice_quy_42353747.wav;Chaynam paypapas sonqon nanan ninki.
common_voice_quy_42353748.wav;Runapas mikuy pachakunawanmi unqurinku.
common_voice_quy_42353759.wav;Núcleo nisqaqa, atomopa hawanmi, mana electrones nisqawan.
common_voice_quy_42353760.wav;Caña tragonwan fregaderochiwanampaq.
common_voice_quy_42353761.wav;Chaynaqa chunkakunawanmi yupananchik.
common_voice_quy_42353762.wav;Kaymi huk aycha mikuq ñuñuq uywa.
common_voice_quy_42353763.wav;Yuyayqa kawsaqkunapa siqikunawan chaskisqa willaymi.
common_voice_quy_42353779.wav;Maymi kunan kutimunchu.
common_voice_quy_42353780.wav;Tapukuykunapa qipantam tapunapaq chikuta qillqanchik.
common_voice_quy_42353781.wav;Manamya vueltamusaqchu, laduykiman.
common_voice_quy_42353782.wav;Soltero vidaschaypi.
common_voice_quy_42353783.wav;Kapa challwakunaqa luquyuq challwam, mana tulluyuq kanku.
common_voice_quy_42353799.wav;Kay maytuqa mana allin qillqasqa kachkan.
common_voice_quy_42353800.wav;Chaynam ñuqa ripukuspay.
common_voice_quy_42353801.wav;Puka rurukunatam mikunchik.
common_voice_quy_42353802.wav;Qaylla ayllu, comunllaqa.
common_voice_quy_42353803.wav;Primera Guerra Mundial nisqapi waranqa waranqa runakunam wañurqaku.
common_voice_quy_42353824.wav;Chisinkuy pachapa sutinmi, inti chinkakuy.
common_voice_quy_42353825.wav;Castaña de caballo nisqapim rurupi kichkakuna.
common_voice_quy_42353826.wav;Chiri pachapiqa unay tutakuna kanmi, pisi punchawkuna ñataq aslla achkiy.
common_voice_quy_42353827.wav;Perú suyupam takiynin.
common_voice_quy_42353828.wav;Kaymi huk ancha riqsisqa aranway pukllaqkuna.
common_voice_quy_42353839.wav;Kaymi huknin rikchaqninkuna Antikunapi wiñaq.
common_voice_quy_42353840.wav;Kaykunam Killapa mitakuna.
common_voice_quy_42353841.wav;Kamachikuqpiqa tawa hatun suyukuna kanmi.
common_voice_quy_42353842.wav;Hinallataq, puriq quyllurkunam ñataq waranikunapas intita muyupayanku.
common_voice_quy_42353843.wav;Allpa ukupi sapiyuq mana sapiyuqpas.
common_voice_quy_42353854.wav;Kiwiqa, hanaq antikunapim wiñan.
common_voice_quy_42353855.wav;Tukuy tiksi muyum pacha sutichakun.
common_voice_quy_42353856.wav;Manasya vueltamunñachu, lambraschallay.
common_voice_quy_42353857.wav;Noqayku hamuniku iskay hora puriypi, noqayku hamuniku vendeq.
common_voice_quy_42353858.wav;Manasya tarimunichu qam hina uyachayuqta.
common_voice_quy_42353864.wav;Kay uywakunata aychanrayku, runtunkunarayku, phurunkunarayku uywasqa karqaku.
common_voice_quy_42353866.wav;Sartenchallaypas kapuwachkanmi.
common_voice_quy_42353868.wav;Tukuypas imapas.
common_voice_quy_42353869.wav;Mamallaykita reqsiykuspayqa.
common_voice_quy_42353871.wav;Kaytaqa bazo nisqaman hinallataq wiksamanpas unkusqa runamantam ratachinman.
common_voice_quy_42353879.wav;Aswan isqun chunka minuto nisqanta ruwaspaqa, llalliqmi.
common_voice_quy_42353880.wav;Unquyqa unquchikunmi huk unquykunawan.
common_voice_quy_42353881.wav;Killachay punchaw nisqaqa semanapa ñawpaq punchawninmi, killamanta sutichasqa.
common_voice_quy_42353882.wav;Warmipas qaripas.
common_voice_quy_42353883.wav;Warmita rantichkan.
common_voice_quy_42353894.wav;Ninrichallanta chiptiykapullaway.
common_voice_quy_42353895.wav;Kay ley de gravedad básica nisqam Isaac Newton runapa.
common_voice_quy_42353896.wav;Allpa yachaymi allpakunamanta, mama llaqtakunamanta yachaymi.
common_voice_quy_42353897.wav;Awqanchikpa kanchariy rimayninqa español simi nisqam.
common_voice_quy_42353898.wav;Runapas uywakunapas hukllam sinqayuq.
common_voice_quy_42353908.wav;Fernandosqa mamanpa wañuynintam rikurqa.
common_voice_quy_42353910.wav;Amam taytallay llakillankichu.
common_voice_quy_42353911.wav;Kaymi huk hampiq yura.
common_voice_quy_42353912.wav;Askatayá pusamunkichis.
common_voice_quy_42353913.wav;Yawar mayullam apawanqa.
common_voice_quy_42353918.wav;Kaykunam hukniraq calendario nisqakuna.
common_voice_quy_42353919.wav;Kunam punim munachkani.
common_voice_quy_42353920.wav;Kunanmi portugués simitaqa, kay suyukunapim rimakun.
common_voice_quy_42353921.wav;Paladar nisqaqa simipa ukunpi tullu hawam.
common_voice_quy_42353922.wav;Yachay wasipim, ñawinchayta ñataq qillqayta yachanchik.
common_voice_quy_42353925.wav;Bombacha toqiachkan.
common_voice_quy_42353927.wav;Chaypicha tomakusaqpas manapas.
common_voice_quy_42353928.wav;Manamñaya vueltamusaqchu.
common_voice_quy_42353929.wav;Yanuy hinaspa papata qaray, cebollakunata ñataq hukniraq miski rurukunata huk llucllu mankapi.
common_voice_quy_42353931.wav;Lliw tiqsi muyupi kaq, aswan hatunmi.
common_voice_quy_42353948.wav;Allpa ukupi wiñasqanta wirasapa muhunata, miski kallpasachasapa rurukunapata mikunchik.
common_voice_quy_42353949.wav;Kaymi ruwamuyta atiwaq.
common_voice_quy_42353950.wav;Imaymana, hukniraq yakukunatam kay anafilaxia siqam ruwakun.
common_voice_quy_42353951.wav;Runa rantikuqqa, allin imakunatapas qawachin. Runa rantimuqñataq tapuykunata ruwan.
common_voice_quy_42353952.wav;Kaykunam iskayniraq pampa kurukuna.
common_voice_quy_42353963.wav;Runakunapaqa illapaqa manam allinchu, chaynallataq huk kawsaqkunapaqpas.
common_voice_quy_42353964.wav;Pitaq maytaq chutarillasunki.
common_voice_quy_42353965.wav;Hatun ankaqa, allin yaku pisqum.
common_voice_quy_42353966.wav;Warma vidachallayta suwarquwasqanki.
common_voice_quy_42353967.wav;Kaykunam aswan chaniyuq mustasapa yurakuna.
common_voice_quy_42353983.wav;Panteón ukutam yaykurusqani, pantaspay.
common_voice_quy_42353984.wav;Pusaq watayuqwanmi kanchariyta qallarirqa.
common_voice_quy_42353985.wav;Kayqaya pasachkaniña.
common_voice_quy_42353986.wav;Maynintapas urqusaqun.
common_voice_quy_42353987.wav;Yaqa achka Ararankakunaqa yakupim kawsanku.
common_voice_quy_42354003.wav;Cantinakunapis.
common_voice_quy_42354004.wav;Umalliq kayninqa umalliq kayninpi ruwaq runam.
common_voice_quy_42354005.wav;Llamkana mana atikuptinqa, runakunaqa raymikunapim pukllanku.
common_voice_quy_42354006.wav;Huk entreguta ruwaykusunchik.
common_voice_quy_42354007.wav;Wakkuna hina wischurayaptiki
common_voice_quy_42354033.wav;Chaypa weqellan chayawaptin.
common_voice_quy_42354034.wav;Ñuñunkunawanmi uñanchankunata ñuñuchkanku.
common_voice_quy_42354035.wav;Isqun distritukuna kanmi.
common_voice_quy_42354036.wav;Wasiki punkupi kuti kuti lambras.
common_voice_quy_42354037.wav;Payqa kawsasqa uywakunata paqarinmun chaynallataq ñuñun.
common_voice_quy_42354062.wav;Yawarta waqachkan.
common_voice_quy_42354064.wav;Achka yachayspanta ruwaspa.
common_voice_quy_42354065.wav;Kaypim hukniraq kawsakunamanta qillqakuna kan.
common_voice_quy_42354066.wav;Compadrellaymi macharachimuwan.
common_voice_quy_42354067.wav;Óscar premio nisqatam llallirqa.
common_voice_quy_42354092.wav;Cobrechawan acerowan hukman kaskillasqa.
common_voice_quy_42354093.wav;Kaykunam huknin uywakuna.
common_voice_quy_42354094.wav;Pisi rimayllapi química, imakuna qallariykunaman tinkisqakunaqa tinkisqa ninchikmi.
common_voice_quy_42354095.wav;Rantinallam kasqa.
common_voice_quy_42354096.wav;Runapas uywakunapas iskay ñawiyuqmi.
common_voice_quy_42354102.wav;Saksasqa kutiykunanchikpaq.
common_voice_quy_42354103.wav;Rimana Wasiqa, llaqta runakunapa sutinpi riman.
common_voice_quy_42354104.wav;Ama qunqankichikchu qamkuna.
common_voice_quy_42354105.wav;Ica llaqtaqa Perú suyupim tarikun.
common_voice_quy_42354106.wav;Kay runam huk ancha riqsisqa takiqmi.
common_voice_quy_42354132.wav;Runakunaqa rurukunata, rapinkunatapas hampinapaqmi hapinku.
common_voice_quy_42354133.wav;Pichqa hatun wasikunam machu runakunapaq kanmi.
common_voice_quy_42354134.wav;Imaynallapas kakullaymancha.
common_voice_quy_42354135.wav;Carcelpi llakichkán.
common_voice_quy_42354136.wav;Warma vidaschaypi.
common_voice_quy_42354152.wav;Yachayqa ancha chaniyuqmi runapa.
common_voice_quy_42354153.wav;Kaykunallapi waqanaypaq.
common_voice_quy_42354154.wav;Caña tragotam upiarachimuwan
common_voice_quy_42354155.wav;Mecánica nisqapiqa, kanchay ruray sutichanchik.
common_voice_quy_42354156.wav;Qaraqa runapam ñataq uywakunapa, chaywanmi kurkuta amachakunku.
common_voice_quy_42354181.wav;Hatun Chakuqa para mitayuqmi ñataq rupay mitayuqpas.
common_voice_quy_42354182.wav;Yachachiqqa yachakuqkunata ñawinchaymanta, qillqaymanta ñataq yupaykunamanta yachachinmi.
common_voice_quy_42354183.wav;Kaymi yurakunapa mirayninkuna.
common_voice_quy_42354184.wav;Pacha yupayqa, uraskunata, minutuskunata yupan hinallataq uratapas rikuchin.
common_voice_quy_42354185.wav;Madrinaypa padrinuypa.
common_voice_quy_42371558.wav;Hinaspa musuq simikunam lluqsirqa, romance nisqan.
common_voice_quy_42371559.wav;Anchata muchuchiptinpas, manas Atawallpapa qurinmanta willarqachu.
common_voice_quy_42371560.wav;Kaykunam hukniraq kallpasapa yurakuna.
common_voice_quy_42371561.wav;Rurupa iskay rapinkunam huñunakunku, hinaspañataq hawapi tiyanku.
common_voice_quy_42371562.wav;Kaykunam wakin ima rikchaykuna.
common_voice_quy_42371578.wav;Manaña sachakuna kaptin, pachaqa chinkariyta qallarin.
common_voice_quy_42371580.wav;Perú suyupa, Cusco suyunqa urayninlanpi tarikun.
common_voice_quy_42371582.wav;Chanka llaqtapa hatun suyum karqa.
common_voice_quy_42371584.wav;Kikinpi chiqaptinmi, yachaykunapi waylluyta pusarqa.
common_voice_quy_42371587.wav;Tipqay papakunataqa, chakiwanmi ruwakun, qarikuna ñataq warmikuna kay llamkayta ruwanku.
common_voice_quy_42371593.wav;Sacha rumiman hapipakuchkaqta.
common_voice_quy_42371594.wav;Sichu llakinki chay pachaqa.
common_voice_quy_42371595.wav;Castaño sachaqa América Nortemantam.
common_voice_quy_42371596.wav;Kaykunam hukniraq temporizador nisqan.
common_voice_quy_42371597.wav;Kay mikuykunam sapa punchaw mikunanchik.
common_voice_quy_42371603.wav;Tukuy punchaw llaki llakillaña harawikunata takin.
common_voice_quy_42371604.wav;Rikuqa achkiy, rikcha musyaymi.
common_voice_quy_42371605.wav;Maynintam chayayman, icachacha llaqtaman.
common_voice_quy_42371606.wav;Uray qanay pasaqta.
common_voice_quy_42371607.wav;Wawachaqa iskay chunka tawayuq llullu kiruchaqyumi.
common_voice_quy_42371611.wav;Uraypim, chawpi punchawpi inti kachkan.
common_voice_quy_42371613.wav;Pukaqa huk llinpim.
common_voice_quy_42371615.wav;kumuykachallanqa.
common_voice_quy_42371616.wav;Kulluqa wasita ruwanapaqmi, hinallataq huk ruranakunapaqpas.
common_voice_quy_42371617.wav;Kulluqa kuchuy kullupim kuchukun.
common_voice_quy_42371623.wav;Lliwchamanta lasta muyuqa ancha kallpasapam.
common_voice_quy_42371624.wav;Lliw aycha mikuqkunamantam, lionqa aswan hatun aycha mikuqmi.
common_voice_quy_42371625.wav;Ñoqallay vueltamunallayta.
common_voice_quy_42371626.wav;Paykunapa qawarisqanmanhina, Intipa churinmi karqa.
common_voice_quy_42371627.wav;Ñawiqa umapim, kaypim qawarikuyta paqarin.
common_voice_quy_42371638.wav;Allpa hawapi kaq puyutaqa pacha puyu ninchikmi.
common_voice_quy_42371639.wav;Wallunachampim saqiykapuni.
common_voice_quy_42371640.wav;Ancha yachapakuqmi chaynallataq folkrore tikraqmi.
common_voice_quy_42371641.wav;Manaraq silluykullachkaptiy.
common_voice_quy_42371642.wav;Pasakunayñam kachkarqa.
common_voice_quy_42371648.wav;Karuqa karuqa, iskay tuqupi tupunapaq.
common_voice_quy_42371649.wav;Tulluqa ancha uchku uchkum kurkunchikmanta.
common_voice_quy_42371650.wav;Hatun mama qucham, puchqu yaku.
common_voice_quy_42371651.wav;Chaskachaw nisqaqa, pichqa ñiqin punchawmi qanchischawpi, chaskarayku sutichasqa.
common_voice_quy_42371652.wav;Tukuy sunquywan turiykuna.
common_voice_quy_42371653.wav;Utqayllam wiñanku, sisarinku, hinaspa pawayta qallarinku.
common_voice_quy_42371654.wav;Kaymi huknin uyakuna.
common_voice_quy_42371655.wav;Provincia de Manu nisqanpim, tawa distritukunam kan.
common_voice_quy_42371656.wav;Kaykunam huk conjugación nisqankuna.
common_voice_quy_42371657.wav;Huchaqa imaymana saqram.
common_voice_quy_42371668.wav;Paqarin mincham vueltarqamuchkasaq.
common_voice_quy_42371669.wav;Yakuqa maykunamanpas puqachinmi, chaynallataq qacha yaku wischuy kanmi.
common_voice_quy_42371670.wav;Sócrates nisqapa kawsasqanmanta mana chiqap wañusqanmantapas Platonmi qillqarqa.
common_voice_quy_42371671.wav;Manaña manaña uyarisuptiki.
common_voice_quy_42371672.wav;Inkakunapa kawsayninpim chunka kimsayuq reyes nisqakuna karqa.
common_voice_quy_42371678.wav;Pukyupiqa, mayu yakupam allpapi paqarin.
common_voice_quy_42371679.wav;Paquchapa, wikuñapa, llamapa, wanakupapas millmanwankunawanmi qaytukunata puchkanchik.
common_voice_quy_42371680.wav;Chamanakuqa takipa tikrayninmi, llamkaywanmi chaninta ruranchik.
common_voice_quy_42371681.wav;Chiki tuku takillachkan.
common_voice_quy_42371682.wav;Kaykunam hukniraq atuqkuna.
common_voice_quy_42371698.wav;Menostaña piensay.
common_voice_quy_42371699.wav;Uyachallaykipas kallasqaraqmi.
common_voice_quy_42371700.wav;Chay pachapi yarawikuna takisqankuqa llaki rimay takikunam karqa.
common_voice_quy_42371701.wav;Tayta mamaysi llakipuwachkan.
common_voice_quy_42371702.wav;Sinqaqa kurkupim kachkan, sinqaqa samananchikpaqmi.
common_voice_quy_42371708.wav;Qorichawan qollqechawan, sumaq kaskillasqa.
common_voice_quy_42371709.wav;Iskay munisipyukuna kanmi.
common_voice_quy_42371710.wav;Wañuyqa kawsaypatukuyninmi.
common_voice_quy_42371711.wav;Ñawpaq kamachiq inka.
common_voice_quy_42371712.wav;Granada llaqtam atiparun, qipa Árabe España llaqtata.
common_voice_quy_42371738.wav;Iglesia La Mercedpim pampakusqa kachkan.
common_voice_quy_42371739.wav;Imay mana dispositivo nisqaqa tiksimuyuntinpim internet nisqaman tinkichikunman.
common_voice_quy_42371740.wav;Tusuyqa kuyunakuymi runakunapaqa, takiwan tusuywanpas.
common_voice_quy_42371741.wav;Huk Estación Espacial Iternacional nisqanllatam paqarichirqa.
common_voice_quy_42371742.wav;Runa, uywa manchakuptinqa, ayqiyta munanmi.
common_voice_quy_42371763.wav;Kay faringitis sasachakuykuna estreptococos nisqanmantaraykum.
common_voice_quy_42371764.wav;Patrunqa qullqi manuq runakunaman karqa, runakunapaqa sasachay pacham karqa.
common_voice_quy_42371765.wav;Yaqa achka pakchakunaqa aycha mikuqmi kanku.
common_voice_quy_42371766.wav;Wasikitaqa chirisqachusmi.
common_voice_quy_42371767.wav;Ñoqallay kutimunallayta.
common_voice_quy_42371802.wav;Suyupiqa aswan castellano simim llallin.
common_voice_quy_42371803.wav;Urpikunatam ñataq huk kurukunatapas mikunku.
common_voice_quy_42371804.wav;Manasya ripuymanpaschu.
common_voice_quy_42371807.wav;Qaway qawachkanki.
common_voice_quy_42371809.wav;Wasichallayki punkuchapi.
common_voice_quy_42371822.wav;Inkakunapa sutinta hapiykuchkaptinpas, kastilla simillapi qillqarqa.
common_voice_quy_42371823.wav;Inkakunapa yupaychasqam yura karqa.
common_voice_quy_42371824.wav;Amam taytallay llakinkichu.
common_voice_quy_42371825.wav;Chaynama ñoqa ripuspay.
common_voice_quy_42371826.wav;Hinaspa Manqu Qhapaq Mama Uqllu warminwan lluqsirqa.
common_voice_quy_42371842.wav;Kaypim kachkanku.
common_voice_quy_42371843.wav;Sistema circulatorio nisqaqa kurkupi yawar sirkakunapa llikanmi, kaymi yawarta purichin.
common_voice_quy_42371844.wav;Chaynaqa awqaqa mana tariyta atirqachu.
common_voice_quy_42371845.wav;Imapas wayrawan musyaptin hinaspa akakipakuptin, wayrapim tikrakun.
common_voice_quy_42371846.wav;Kuyay comadreywan tusurikunaypaq.
common_voice_quy_42371861.wav;Ayamarka nisqaqa, ayakunata ñataq runa wañusqakunatapas pampachanapaq llaqtam.
common_voice_quy_42371862.wav;Senador nisqam karqa, vicepresidente nisqam, chaynallataq primer ministros nsqam.
common_voice_quy_42371863.wav;Paqarimusqanchikmantam wañunanchikkama yachanchik.
common_voice_quy_42371864.wav;Cielo ripuy wawachallaywan.
common_voice_quy_42371865.wav;Allin kullum uywakunapa kanchanpaq.
common_voice_quy_42371867.wav;Arí sumaq Warmi.
common_voice_quy_42371870.wav;Iskaynin churikunam qullqisapakunayarunku.
common_voice_quy_42371871.wav;Pachacha churallawasqa.
common_voice_quy_42371873.wav;Haylli kusa masiykuna.
common_voice_quy_42371874.wav;Amam tuñinkichu, kutimunaykama.
common_voice_quy_42371890.wav;Chayllatam apachakuni.
common_voice_quy_42371891.wav;Kay muhukunaqa miski kiskim proteína nisqapi.
common_voice_quy_42371892.wav;Casado hamuspayqa manacha takiymanchu
common_voice_quy_42371893.wav;Kaykunam imaynama akchikuna.
common_voice_quy_42371894.wav;Moro pacha runa.
common_voice_quy_42371895.wav;Comadrellaywan tomaykunaypaq.
common_voice_quy_42371896.wav;Huk makipiqa pichqa rukanakunam kan, chaynallataq chakipipas.
common_voice_quy_42371897.wav;Rurukunata mikunchik, malliyninqa hayaqmi.
common_voice_quy_42371898.wav;Qonqallawaptikim.
common_voice_quy_42371899.wav;Kunan pachapiqa manañam sacha-sachañachu, lliwallañam.
common_voice_quy_42371915.wav;Inti llikapiqa pusaq planitakuna kanmi.
common_voice_quy_42371916.wav;Kusi takita takisun qurilla wawachaman.
common_voice_quy_42371917.wav;Waranqa pichqa pachakmi qollqeypas.
common_voice_quy_42371918.wav;Sinchi sinchi llaki.
common_voice_quy_42371919.wav;Ruwanaqa, Waskarán urqupatam sutinta apan.
common_voice_quy_42371925.wav;Papakunaqa pampapim wiñan.
common_voice_quy_42371926.wav;Chukcham huk ñaqchay chukchata llampuyachinapaqmi.
common_voice_quy_42371930.wav;wawakuna yachamuyta qallarinankupaqmi yachay wasi.
common_voice_quy_42371932.wav;Truchaqa Europa llaqtamantam apamusqa karqa, huk musuq challwa uywa.
common_voice_quy_42371933.wav;Ñuqaqa tupamurqani.
common_voice_quy_42371934.wav;Kayqaya ripuskaniña.
common_voice_quy_42371935.wav;Kunanmi kastilla simitaqa kay mama llaqtakunapi rimakun.
common_voice_quy_42371936.wav;Rio de Janeiro suyuqa Brasilpa suyum.
common_voice_quy_42371937.wav;Aqa wasipipas achikyakunay.
common_voice_quy_42371938.wav;Kunankama llaki llaqtakunam kan.
common_voice_quy_42371939.wav;Paymi huk hatun qillqapa qillqaynin investigacionniymanta.
common_voice_quy_42371940.wav;Chay killapim Ayamarpa rayminta ruwarqaku, ayakunata marqaspanku.
common_voice_quy_42371941.wav;Chaynatam qhatupa chaninta rimanakunchik.
common_voice_quy_42371942.wav;Aychanta ñataq tullunta kuchurqa, hinaspa achka runakunata aypura.
common_voice_quy_42371943.wav;Pitaq maytam rikunki.
common_voice_quy_42077107.wav;Niñacha tapurikusqayki.
common_voice_quy_42099894.wav;Pitaq maytaq machachimusunki.
common_voice_quy_42099961.wav;Millwawanmi pachakunata awanchik.
common_voice_quy_42099969.wav;Inti llikapiqa pusaq planitakuna kanmi.
common_voice_quy_42100094.wav;Huamanga plazapi.
common_voice_quy_42100413.wav;Chaypim runtukunata churanku chaynallataq mallkunkunata uywanku.
common_voice_quy_42100438.wav;Kurku kuyuchinaqa, huk runa kurkunta kuyuchimuptinmi, muyuykunawan hinallataq kallpawan llamkachispa.
common_voice_quy_42100460.wav;Wasiqa pirqakunayuqmi, qatakunayuqmi, punkuyuqmi, tuqukunayuqmi.
common_voice_quy_42100714.wav;Kaymi yurakunapa mirayninkuna.
common_voice_quy_42100773.wav;Tukuypas imapas.
common_voice_quy_42100855.wav;Chaynaqa awqaqa mana tariyta atirqachu.
common_voice_quy_42101159.wav;Canastachapi yakuta apay.
common_voice_quy_42101204.wav;Inkakunapa sutinta hapiykuchkaptinpas, kastilla simillapi qillqarqa.
common_voice_quy_42102285.wav;Papakunaqa pampapim wiñan.
common_voice_quy_42102349.wav;Chiki tuku takillachkan.
common_voice_quy_42102543.wav;Punkukunata tuqukunatapas mármol nisqawan laqapara.
common_voice_quy_42102559.wav;Chaynatam sallqa pachata waqllichinku.
common_voice_quy_42102654.wav;Chisinkuy pachapa sutinmi, inti chinkakuy.
common_voice_quy_42102660.wav;Tusurikunaypaq.
common_voice_quy_42128128.wav;Llaqtaqa, Ayacucho suyupim kachkan.
common_voice_quy_42128212.wav;Huk protestante nisqan iglesiakunapiqa, pastor nispan sutichanku.
common_voice_quy_42353563.wav;Runa rantikuqqa, imatapas rantikun. Runa rantimuqñataq rantimun.
common_voice_quy_42371672.wav;Inkakunapa kawsayninpim chunka kimsayuq reyes nisqakuna karqa.
common_voice_quy_42371738.wav;Iglesia La Mercedpim pampakusqa kachkan.
common_voice_quy_42371874.wav;Amam tuñinkichu, kutimunaykama.
common_voice_quy_42371916.wav;Kusi takita takisun qurilla wawachaman.
